iddoc,context,range,text,category
6_52,"¬© Little Greene
","{'beg': 9, 'end': 15}",Greene,['fem_0']
7_45,Kit Naissance (0) Lingettes lavables (15) mouchoirs (4),"{'beg': 18, 'end': 27}",Lingettes,['fem_0']
12_2,"Que ce soit pour la f√™te de votre ami(e) ou d'un membre de votre famille, un accouchement, un d√©m√©nagement, un nouvel emploi, etc.","{'beg': 34, 'end': 40}",ami(e),['fle_0']
27_15,"L‚Äôaide √† domicile peut comporter, ensemble ou s√©par√©ment :
L‚Äôaide d‚Äôun(e) technicien(ne) de l‚Äôintervention sociale et familiale (TISF), qui doit accompagner la famille rencontrant des difficult√©s √©ducatives et sociales, ou d‚Äôune aide-m√©nag√®re.
","{'beg': 74, 'end': 88}",technicien(ne),['fle_0']
39_6,"Vous n‚Äô√™tes pas autoris√©(e) √† consulter les sujets de ce forum.
","{'beg': 16, 'end': 27}",autoris√©(e),['fle_0']
44_52,"Vous ne payez aucun frais fixe sur les fonctions de base (0‚Ç¨ au lieu de 24‚Ç¨), r√©alisez d'importantes √©conomies si vous activez l'option Channel Manager (26‚Ç¨ au lieu de 49‚Ç¨ par mois) et utilisez le g√©n√©rateur de site (36‚Ç¨ au lieu de 59‚Ç¨ par mois).
Est-ce que je suis accompagn√©(e) ?","{'beg': 266, 'end': 279}",accompagn√©(e),['fle_0']
44_53,"Vous serez accompagn√©(e) √† tout moment par nos √©quipes ou celles d'elloha, de la cr√©ation de votre compte jusqu'au param√®trage de vos prix ou pour toute question li√©e √† l'utilisation de la plateforme.
","{'beg': 11, 'end': 24}",accompagn√©(e),['fle_0']
47_3,... usine de broyeur de pierres au kenya feuille de flux de lusine;,"{'beg': 60, 'end': 66}",lusine,['fem_0']
47_13,pour lusine de traitement du minerai concasseur √† m√¢choires pour le traitement de lor Cyanuration,"{'beg': 5, 'end': 11}",lusine,['fem_0']
47_21,√† propos de la machine de lusine de bentonite;,"{'beg': 26, 'end': 32}",lusine,['fem_0']
47_28,usine de broyeur de pierres au kenya feuille de flux de lusine;,"{'beg': 56, 'end': 62}",lusine,['fem_0']
47_30,"moulin mini√®re rouleau de pionnier;
More
les mat√©riaux peuvent √™tre broy√©s dans un broyeur √†
bande de filtre de pression dans lusine de preparation du charbon;","{'beg': 126, 'end': 132}",lusine,['fem_0']
47_75,pour lusine de traitement du minerai concasseur √† m√¢choires pour le traitement de lor Cyanuration,"{'beg': 5, 'end': 11}",lusine,['fem_0']
47_83,usine de broyeur de pierres au kenya feuille de flux de lusine;,"{'beg': 56, 'end': 62}",lusine,['fem_0']
47_119,"LÂΩ¢Ê¢Å poutre f. √† section en L. LÂ≠óÁä∂ÁÑäÁºù soudure f. en L. TÂûãÈí¢1Ôºâprofil√© en T (ÊàñT√©), ‰∫¶Áß∞‰∏∫profil√© en T sym√©trique √† conge Êà™Èù¢‰∏äËÖπÁøºÂùáÊúâÂù°Â∫¶ÊúâÂÜÖÂ§ñÂúÜËßí 2Ôºâprofil√© en T √† faces parall√®les et √† angles vifsÂèØÁÆÄÁß∞‰∏∫profil√© en T √† angles vigsÔºåÊà™Èù¢‰∏äÊó†Âù°Â∫¶ÔºåÊó†ÂúÜËßí ...
More
broyeur co√ªt d installation de broyage de feldspath
installation de broyage de lusine et lequipement de ... levaluation de lequipement de broyage de laitier.","{'beg': 308, 'end': 314}",lusine,['fem_0']
47_123,"Installation d un premier broyeur du type LM 562 2 dans l usine des Cementos Pacasmayo au P√©rou tojours avec une longueur d avance ...
More
europe stone concassage √©quipement 1
entretien de lusine de charbon;","{'beg': 190, 'end': 196}",lusine,['fem_0']
47_149,".
More
pour lor broyeur √† boulets
broyeur √† boulets pour lusine de traitement du minerai concasseur √† m√¢choires pour le traitement de lor Cyanuration .","{'beg': 57, 'end': 63}",lusine,['fem_0']
47_183,"... proc√©d√© de recyclage des r√©sidus sodiques de, La saumure clarifi√©e brute passe ensuite sur du charbon actif pour.
More
<< Previous:Broyage De La Pouzzolie Naturelle
>> Next:Teneur Elevee En Mangan√®se Dans Le Minerai De Fer
concasseur de pierre dans lalkuyan com
nous equipements de concassage de charbon concasseur
projet de machine de criblage de sable wikipedia
machine de fabrication de sable barmac tidco
braun bico rock concasseur occasion
Moulin √Ä Calcaire En Emeri
is silica sand made out of basalt
la fa on d optimiser les performances du broyeur √† boulets
acheter utilises concasseurs mobiles et des ecrans
comment augmenter la capacit√© de lusine de ciment
broyeur √† boulets utilis√© ÔøΩ20
Merk Alat Berat","{'beg': 653, 'end': 659}",lusine,['fem_0']
62_16,"D√®s lors, c‚Äôest une mesure ultra-lib√©rale qui est envisag√©e par le gouvernement, qui porte son lot de pr√©carisation extr√™me concernant pour l‚Äôheure 100 000 salari√©s, mais tr√®s certainement beaucoup plus alors que 2021 devrait voir se multiplier les faillites et les mises en liquidation judiciaire d‚Äôentreprises.","{'beg': 27, 'end': 41}",ultra-lib√©rale,['fem_0']
65_9,"Share Imprimer Tweet
La fusion des caisses de pension publiques CIA et CEH qui est soumise √† la sagacit√© des √©lectrices et √©lecteurs genevois le 3 mars prochain repr√©sente un v√©ritable d√©fi √† 800 millions de francs cash : le bon sens, le pragmatisme, le OUI, sauront-","{'beg': 109, 'end': 132}",√©lectrices et √©lecteurs,"['coo_1', 'coo_0']"
65_27,"Le Syndicat Unia
Le SIT, Syndicat interprofessionnel de travailleuses et travailleurs
Pour conna√Ætre, √©couter, voir et prot√©ger les oiseaux en Suisse romande
Observations d'oiseaux en Suisse : o√π voir des oiseaux, rares ou non...
Pour prot√©ger la nature en Suisse, conserver des biotopes, des esp√®ces...
Pour prot√©ger la nature en Suisse et ailleurs, conserver des biotopes, des esp√®ces...
D√©couvrez les ph√©nom√®nes physiques, les ondes, les forces dans un endroit magnifique
L'Aubier, pour un petit week-end de paix et d'harmonie...
Terre vivante, un magnifique lieu dans le Vercors
Vivre avec le loup, c'est possible...
Reporterre.net","{'beg': 56, 'end': 85}",travailleuses et travailleurs,['coo_0']
66_11,Essayez nos raviolis caprese: d√©lice r√©confortant!,"{'beg': 21, 'end': 28}",caprese,['fem_0']
69_41,Les membres du SCFP croient que les travailleurs et les travailleuses ont le droit fondamental de prendre leur retraite dans la dignit 0065t avec une certaine sc0075rit 0066inancir0065.,"{'beg': 36, 'end': 69}",travailleurs et les travailleuses,['coo_0']
69_46,"Ces efforts ardus sinscrivent dans un projet 006cong terme, dont nous savons trs0020bien quil est loin dt0072e termin.0020Avec seulement 40 % des travailleuses et travailleurs qui sont protgs par un rg0069me de retraite au travail, et beaucoup (surtout des femmes cl0069bataires) qui se retrouvent dans la pauvret leur retraite, il nous reste bien du pain sur la planche.
","{'beg': 146, 'end': 175}",travailleuses et travailleurs,['coo_0']
69_58,Le gouvernement soutient que les Ontariennes et Ontariens plus gs veulent continuer doccuper un emploi rm0075nr et que les immigrants rc0065nts et les femmes doivent travailler plus longtemps car ils sont incapables datteindre la sc0075rit 0066inancir0065 avant lg0065 de 65 ans.,"{'beg': 33, 'end': 57}",Ontariennes et Ontariens,['coo_0']
69_61,vient g0061lement de celles et ceux dont lavenir financier est assur 0065t qui occupent des emplois peu exigeants physiquement.,"{'beg': 21, 'end': 35}",celles et ceux,['coo_1']
69_63,"En ra006cit,0020ll0069mination de la retraite obligatoire ne donnera pas vraiment aux travailleuses et travailleurs la libert 0064e choisir.","{'beg': 86, 'end': 115}",travailleuses et travailleurs,['coo_0']
69_65,"Au contraire, avec ll0069mination de la retraite obligatoire, les travailleuses et travailleurs sans rg0069me de retraite adq0075at (dont un trs0020grand nombre sont des femmes et des immigrants) nauront jamais le choix de prendre leur retraite.
Lautre ra006cit,0020cest que le travail que font la plupart des membres du SCFP est physiquement exigeant et mentalement stressant et quil seffectue souvent dans des lieux de travail malsains et dangereux.","{'beg': 66, 'end': 95}",travailleuses et travailleurs,['coo_0']
69_66,Les travailleuses et travailleurs plus gs ne veulent pas dun travail qui exige de lever des objets lourds ou de faire de longues heures dans des situations trs0020stressantes.,"{'beg': 4, 'end': 33}",travailleuses et travailleurs,['coo_0']
69_68,"Rien ne montre quun grand nombre de travailleuses et travailleurs veulent continuer de travailler plus longtemps.
","{'beg': 36, 'end': 65}",travailleuses et travailleurs,['coo_0']
69_76,"Les gouvernements et les employeurs ne subiront plus de pression pour former et recruter de jeunes travailleuses et travailleurs.
","{'beg': 99, 'end': 128}",travailleuses et travailleurs,['coo_0']
69_77,La retraite obligatoire ne garantit pas un revenu de retraite suffisant aux travailleuses et travailleurs.,"{'beg': 76, 'end': 105}",travailleuses et travailleurs,['coo_0']
69_86,"Mais pour les travailleuses et les travailleurs, le problm0065 nest pas l.0020La trs0020grande majorit 0064es membres du SCFP prfreraient prendre leur retraite plus tt002c0020et non plus tard.","{'beg': 14, 'end': 47}",travailleuses et les travailleurs,['coo_0']
69_87,"Les membres du SCFP veulent pouvoir choisir lg0065 auquel ils prendront leur retraite, mais ils nauront de vr0069table choix que sils peuvent compter sur un systm0065 de retraite solide et complet, sur une approche globale en matir0065 de formation et de recrutement des jeunes travailleuses et travailleurs et sur des protections contre les congd0069ements fonds0020sur lg0065.","{'beg': 278, 'end': 307}",travailleuses et travailleurs,['coo_0']
69_88,"Par consq0075ent, en rp006fnse aux demandes dl0069mination de la retraite obligatoire, le SCFP propose plutt00200063e qui suit :
une aml0069oration significative des prestations du RPC et de la SV;
laugmentation des supplm0065nts provinciaux aux faibles revenus, suffisante pour l0069miner la pauvret la retraite;
lobligation pour tous les grands employeurs doffrir des rg0069mes de retraite 0070restations dt0065rmine0073 0074ous leurs employs0020et employe0073, incluant ceux qui sont 0074emps partiel;
linclusion, dans les lois provinciales sur la retraite, de la pleine indexation et de meilleures prestations de survivant;
laml0069oration de la reconnaissance de la formation et de lexpr0069ence de travail acquises 006ct0072anger afin que les travailleuses et travailleurs immigrants puissent se trouver un emploi plus facilement;
la modification de toutes les lois sur les normes en matir0065 demploi de fao006e 0065xiger des motifs raisonnables pour tout congd0069ement;
lengagement pris par tous les gouvernements de respecter les principes des normes minimales du travail et dq0075it 0073alariale afin que le revenu de retraite (bas 0073ur les gains) soit adq0075at.
","{'beg': 749, 'end': 778}",travailleuses et travailleurs,['coo_0']
70_42,"Chaque jour de la semaine, les membres et les militantes et militants du SCFP sont aux premi√®res lignes pour contrer la violence inflig√©e aux femmes.
","{'beg': 46, 'end': 69}",militantes et militants,['coo_0']
70_49,"Les membres du SCFP et d‚Äôautres citoyennes et citoyens canadiens planifient des activit√©s d‚Äôun bout √† l‚Äôautre du pays.
√Ä Ottawa, Rashida Collins, de l‚ÄôAssociation des femmes autochtones du Canada, se joindra au pr√©sident national du SCFP Paul Moist dans le cadre d‚Äôune c√©r√©monie sp√©ciale organis√©e pour souligner cette journ√©e.","{'beg': 32, 'end': 54}",citoyennes et citoyens,"['coo_1', 'coo_0']"
71_135,"Or ce que l‚Äôon peut constater tous les jours simplement en lisant la presse ou en regardant les infos c‚Äôest que nous sommes tr√®√®√®√®√®√®s loin d‚Äôavoir une unicit√© de point de vue sur le sujet et, plus grave encore, de mettre en commun des ressources qui permettraient d‚Äôapporter le moindre d√©but de solution.
Tout ce que l‚Äôon constate ce sont des mesurettes, certes louables, mais qui ne changeront pas les choses en profondeur, bref le ¬´ syst√®me ¬ª tel que nous l‚Äôavons mis en place il y a environ 200 ans avec la r√©volution industrielle ne va pas changer au point de modifier de mani√®re significative nos comportements et notre fa√ßon de vivre (que nous ne voulons pas trop changer dans les pays d√©velopp√©s et que les contr√©es en d√©veloppement aspirent √† connaitre √† leur tour‚Ä¶)
On peut toujours s‚Äôamuser √† √©tablir x sc√©narios qui arriveraient √† nous sortir du sable, je ne vois pas tr√®s bien en quoi cela nous aidera √† trouver comment se sortir du p√©trin dans lequel nous nous sommes fourr√©s.","{'beg': 343, 'end': 353}",mesurettes,['fem_0']
71_144,"en se croyant le centre du monde, sous pr√©texte qu‚Äôil est au centre de son champ de vision.
Dans ses obstacles √† la connaissances (¬´ A la recherche de l‚ÄôUnivers invisible : Mati√®re noire, √©nergie noire, trous noirs ¬ª)","{'beg': 196, 'end': 214}","noire, trous noirs",['coo_0']
71_155,"Ouf on est sauv√©.
Juliette 7 mois ago	 Reply	
Bonjour, il y a cette √©tude de l‚ÄôInsee sur l‚Äôestimation macro√©conomique de l‚Äôeffort en points de PIB pour respecter les accords de Paris (https://www.insee.fr/fr/statistiques/4770128?sommaire=4770254).","{'beg': 18, 'end': 26}",Juliette,['fem_0']
71_185,"‚Ä¶ Courage.
Flocon
Valentine 3 mois ago	 Reply	
Bonjour David,
","{'beg': 18, 'end': 27}",Valentine,['fem_0']
72_18,"Des fluides corporels volatils comme l‚Äôurine, le sperme ou la cyprine peuvent augmenter l‚Äôexcitation des partenaires.","{'beg': 62, 'end': 69}",cyprine,['fem_0']
72_22,"√ätre ""sexuellement excit√©.e"" est √† pr√©sent scientifiquement class√© comme un √©tat physique √©motionnel.
","{'beg': 19, 'end': 27}",excit√©.e,['fle_0']
72_42,"est (pas) objective
Le missionnaire : l‚Äôennemi des poignets
Le sexe, bon pour le c≈ìur !
Baisers, tendresse et affection : un choix viril !
Pornoth√©rapie
Parse error: syntax error, unexpected T_STRING in /home/secondse/www/magazine/ecrire/public/assembler.php(607) : eval()'d code on line 4","{'beg': 209, 'end': 217}",secondse,['fem_0']
74_34,"un certain nombre de cookies pour g√©rer, par exemple, les sessions utilisateurs.
Accepter les cookies
Refuser tous les cookies
Validate
Centre d'Entra√Ænement R√©gional de Galop de l'Ouest
Le Centre d'Entra√Ænement R√©gional du galop de l'Ouest se situe sur les communes de Senonnes (Mayenne 53) et de Pouanc√© (Maine-et-Loire 49).
","{'beg': 127, 'end': 135}",Validate,['fem_0']
79_6,"L‚Äôassurance tous risques ‚Äù
Le contrat inclut un service personnalis√© de la part des technicien(ne)s de Simsa, qui actualisent ma version tous les ans, r√©pondent √† vos questions et apportent une solution aux impr√©vus.","{'beg': 84, 'end': 99}",technicien(ne)s,['fle_0']
79_26,"0 +
VERSIONS DE LOGICIEL
Espace clients
M√™me si le ¬´ face √† face ¬ª est toujours le meilleur moyen de communiquer, j‚Äôappr√©cie de travailler avec les nouvelles technologies, qui restent une mani√®re tr√®s efficace pour √©changer.
Aux heures d‚Äôouverture des bureaux et d√®s que vous en avez besoin, contactez mon √©quipe de professionnels en ligne.","{'beg': 53, 'end': 64}",face √† face,['coo_1']
80_53,"Celui que Dieu, √† travers J√©sus, pose sur chacun et chacune de nous.","{'beg': 42, 'end': 59}",chacun et chacune,['coo_1']
100_15,"No i,primante Submit review.","{'beg': 5, 'end': 13}",primante,['fem_0']
102_26,Nova sugg√®re au gouvernement d‚Äôen finir avec les ¬´ mesurettes ¬ª,"{'beg': 51, 'end': 61}",mesurettes,['fem_0']
105_1,"la plateforme des tendances par les blogueurs et les blogueuses , Id√©es & Inspiration : Recherchez et partagez les tendances de la saison, des inspirations mode, d√©co, style, des astuces, les meilleurs looks de la saison et plein de nouvelles id√©es.","{'beg': 36, 'end': 63}",blogueurs et les blogueuses,['coo_0']
106_32,Comprendre les forces motrices et restrictives les plus affectantes dans les pr√©visions du march√©,"{'beg': 56, 'end': 67}",affectantes,['fem_0']
113_0,"Guerri√®re apache ou sir√®ne hollywoodienne, gardienne de phare ou cr√©atrice de trolls, gyn√©cologue ou imp√©ratrice, rock star ou femme √† barbe, athl√®te ou chamane, exploratrice ou astronaute ;","{'beg': 153, 'end': 160}",chamane,['fem_0']
127_20,"Parfaite pour un Workshop, ou simplement pour allier sport et travail lors de votre √©v√©nement d‚Äôentreprise üòâ
Int√©ress√©(e) ?","{'beg': 109, 'end': 121}",Int√©ress√©(e),['fle_0']
129_2,Vous n‚Äôavez aucune exp√©rience dans la photographie mais l‚Äôenvie d‚Äôapprende vous habite ?,"{'beg': 66, 'end': 74}",apprende,['fem_0']
132_16,"Am√©liorez vos demandes gr√¢ce aux fonctions de conversion OCR, ICR et PDF
FineReader Engine
Cloud OCR SDK
Capture mobile","{'beg': 84, 'end': 90}",Engine,['fem_0']
132_42,"Contactez-nous
ABBYY FineReader Engine
","{'beg': 32, 'end': 38}",Engine,['fem_0']
132_45,"Engine
","{'beg': 0, 'end': 6}",Engine,['fem_0']
132_53,"Comment √ßa marche
Tutoriels vid√©os
Sp√©cifications
ABBYY FineReader Engine
Fonctionnalit√©s & b√©n√©fices
","{'beg': 67, 'end': 73}",Engine,['fem_0']
132_59,La technologie pr√™te √† l‚Äôemploi de reconnaissance des cartes de visite est int√©gr√©e √† FineReader Engine et peut √™tre directement utilis√©e pour la reconnaissance des cartes de visite.,"{'beg': 97, 'end': 103}",Engine,['fem_0']
132_152,Ca√Ømanes √éles,"{'beg': 0, 'end': 8}",Ca√Ømanes,['fem_0']
132_257,"Zambie Zimbabwe
Ville
S√©lectionnez le produit FineReader Engine 12 for Windows FineReader Engine 12","{'beg': 57, 'end': 63}",Engine,['fem_0']
132_257,"Zambie Zimbabwe
Ville
S√©lectionnez le produit FineReader Engine 12 for Windows FineReader Engine 12","{'beg': 90, 'end': 96}",Engine,['fem_0']
132_258,"for Linux FineReader Engine 12 for Mac
D√©tails du projet
","{'beg': 21, 'end': 27}",Engine,['fem_0']
136_35,"/Animation : Pascale Robichaud (Biblioth√®que et Archives Canada)
Discutant-e- :","{'beg': 65, 'end': 77}",Discutant-e-,['fle_0']
136_59,"- Universit√© du Qu√©bec en Outaouais)
Discutant-e- :","{'beg': 37, 'end': 49}",Discutant-e-,['fle_0']
140_0,"Dans le cadre du d√©veloppement de son √©quipe d‚Äôexperts RPA, AEROW recherche, un(e) consultant(e) sp√©cialis√©(e) sur UiPath.","{'beg': 83, 'end': 110}",consultant(e) sp√©cialis√©(e),['fle_0']
140_1,Le/la consultant(e),"{'beg': 0, 'end': 19}",Le/la consultant(e),"['coo_1', 'fle_0']"
140_3,"Plus particuli√®rement, le/la consultant(e)","{'beg': 23, 'end': 42}",le/la consultant(e),"['coo_1', 'fle_0']"
140_5,Le/la consultant(e),"{'beg': 0, 'end': 19}",Le/la consultant(e),"['coo_1', 'fle_0']"
140_12,"√âcosyst√®me Microsoft, particuli√®rement Windows et Office (VBA)
Connaissance de base des ERP (e.g.","{'beg': 93, 'end': 96}",e.g,['fle_1']
143_42,"machining and turning roller, bearing, pumps, automobile brake disk, aircraft jet engine.
Contacter le fournisseurWhatsApp
E-liquid","{'beg': 82, 'end': 88}",engine,['fem_0']
143_128,"Sont √©quip√©s pour les gens sortent de 5 lingettes d√©sinfectantes ...
Contacter le fournisseurWhatsApp
","{'beg': 40, 'end': 49}",lingettes,['fem_0']
145_66,Gard Gers Gironde Haute Garonne Haute Loire Hautes Pyrenees Haut,"{'beg': 51, 'end': 59}",Pyrenees,['fem_0']
145_77,Pyrenees,"{'beg': 0, 'end': 8}",Pyrenees,['fem_0']
145_81,Maritime Vendee,"{'beg': 9, 'end': 15}",Vendee,['fem_0']
148_300,"- Soci√©t√©s civiles de placement immobilier, soci√©t√©s d'√©pargne foresti√®re et groupements forestiers d'investissement
Section 5","{'beg': 63, 'end': 99}",foresti√®re et groupements forestiers,['coo_0']
148_552,"Soci√©t√©s d'√©pargne foresti√®re et Groupements forestiers d'investissement
DOC-2012-11 Guide relatif aux fonds de capital investissement et aux fonds professionnels de capital investissement
II.","{'beg': 19, 'end': 55}",foresti√®re et Groupements forestiers,['coo_0']
148_1332,Le prospectus est √©tabli selon l'un des sch√©mas et modules du r√®glement (CE) n¬∞ 809/2004 du 29 avril 2004 ou l'une de leurs combinaisons pr√©vues pour les diff√©rentes cat√©gories de titres financiers.,"{'beg': 33, 'end': 114}",un des sch√©mas et modules du r√®glement (CE) n¬∞ 809/2004 du 29 avril 2004 ou l'une,['coo_1']
148_1931,"Pendant la dur√©e des offres, l'initiateur peut renoncer √† cette condition de seuil, notamment en cas d'offres concurrentes et de surench√®res sur l'une des soci√©t√©s vis√©es.
Article 231-11
Si le projet d'offre doit faire l'objet, au titre du contr√¥le des concentrations, d'une notification √† la Commission europ√©enne, √† l'Autorit√© de la concurrence, √† l'autorit√© comp√©tente √† cet √©gard d'un autre √âtat partie √† l'accord sur l'Espace √©conomique europ√©en ou membre des √âtats-Unis, l'initiateur de cette offre peut y stipuler une condition suspensive d'obtention de la d√©cision pr√©vue √† l'article 6-1 a ou b du r√®glement (CE) n¬∞ 139/2004, de l'autorisation pr√©vue √† l‚Äôarticle L. 430-5 du code de commerce ou de toute autorisation de m√™me nature d√©livr√©e par l'√âtat √©tranger.
","{'beg': 129, 'end': 144}",surench√®res sur,['coo_0']
152_6,"√ätre juge Xavi√®re Simeoni, premi√®re vice-pr√©sidente au tribunal de grande instance de Cr√©teil, cheffe du Service central de pr√©vention de la corruption (SCPC)
11","{'beg': 95, 'end': 101}",cheffe,['fem_0']
152_35,", Universit√© Paris Dauphine-PSL, membre de l'√©quipe LCP (Campus IPJ), auteure de Le Crime et l'√©cran (Nouveau Monde Editions, 2010)
D√©cembre","{'beg': 70, 'end': 77}",auteure,['fem_0']
153_55,"Et qu'√† aucun moment l'auteure de l'article ne le dise !
R√©my LOURY
24 juin 2020 √† 10:26:50
","{'beg': 23, 'end': 30}",auteure,['fem_0']
158_281,"Inutile de tricher : dans tous les domaines, vous n'envisagez de relation durable qu'avec ceux ou celles qui vous aiment ou vous admirent, vous respectent ou vous t√©moignent une certaine affection.","{'beg': 90, 'end': 104}",ceux ou celles,['coo_1']
158_452,"que l'on appelle en astrologie un V√©nusien (ou une V√©nusienne) : vous √™tes une personne sensuelle, √©motive, particuli√®rement r√©ceptive aux sympathies et antipathies naturelles √©prouv√©es au contact d'autrui.","{'beg': 34, 'end': 61}",V√©nusien (ou une V√©nusienne,['coo_1']
158_1113,"Elle dit √™tre n√©e ""juste avant midi"") sous le nom de Michelle Lynn Shupack, est une chanteuse, DJ, auteure et pr√©sentatrice t√©l√©visuelle am√©ricaine.
Notamment, Michelle Visage auditionne et remporte une place pour Seduction, un trio R&B et dance cr√©√© par Robert Clivill√©s (en) et David Cole (en), qui signe avec A&M Records en 19905.","{'beg': 99, 'end': 106}",auteure,['fem_0']
167_3,Nicole,"{'beg': 0, 'end': 6}",Nicole,['fem_0']
186_62,On pense que les √©lectrices et les √©lecteurs sont assez grands pour savoir ce qu‚Äôils ont √† faire.,"{'beg': 17, 'end': 44}",√©lectrices et les √©lecteurs,"['coo_1', 'coo_0']"
190_12,"Je continue avec
ou me connecter avec mon email
Rester connect√©(e)","{'beg': 55, 'end': 66}",connect√©(e),['fle_0']
191_12,"Je continue avec
ou me connecter avec mon email
Rester connect√©(e)","{'beg': 55, 'end': 66}",connect√©(e),['fle_0']
191_51,"Est
Villaz CDI
Poste : Rattach√©(e)","{'beg': 23, 'end': 34}",Rattach√©(e),['fle_0']
191_61,Rattach√©(e) au Responsable de site,"{'beg': 0, 'end': 11}",Rattach√©(e),['fle_0']
191_79,"Voir l'annonce
Chef de projet logistique (h/f)
BADENOCH & CLARK
Morbihan CDI
Badenoch + Clark, cabinet de conseil en recrutement de cadres et dirigeants, recherche pour son client, leader dans le secteur des cosm√©tiques, son futur Chef de projet logistique H/F. Directement rattach√©(e) au Directeur des Etudes Logistiques Groupe, vous intervenez sur un...
Modifi√©e il y a 2 jours
Envoy√©
R√©-essayer ?
Voir l'annonce
Technico-Commercial H/F
Populaire
SNC Sogestion
H√©rault CDI
Afin de renforcer notre √©quipe, nous recherchons un(e) Technico-Commercial H/F.","{'beg': 274, 'end': 285}",rattach√©(e),['fle_0']
191_94,"Vous rendez compte √† votre sup√©ri...
Modifi√©e il y a 5 jours
Envoy√©
R√©-essayer ?
Voir l'annonce
Responsable s√©curit√© des syst√®mes h/f
BADENOCH & CLARK
Paris CDI
Rattach√©(e) au Directeur des Syst√®mes d'Information, vous d√©finissez et mettez en oeuvre la politique de s√©curit√© du SI (pr√©vention, protection, d√©fense, r√©silience/rem√©diation).","{'beg': 161, 'end': 172}",Rattach√©(e),['fle_0']
191_105,"Vous √©tablissez le planning, effectuez le suivi des approvisionnements, r√©alisez le support technique, et managez vos √©quipes (25 personnes) sur un contrat ...
Publi√©e il y a 2 jours
Candidature rapide
Envoy√©
R√©-essayer ?
Voir l'annonce
Responsable du service maintenance H/F
Populaire
ELIS
Saint-Genis-Laval CDI
Rattach√©(e) au Directeur de site, et en collaboration avec le Responsable de Production, vous √™tes responsable de la maintenance du site et de votre √©quipe.","{'beg': 313, 'end': 324}",Rattach√©(e),['fle_0']
191_108,"Groupe FSC
Levallois-Perret CDI
Rattach√©(e) au Directeur G√©n√©ral Groupe et faisant partie du Comit√© de Direction","{'beg': 32, 'end': 43}",Rattach√©(e),['fle_0']
194_40,La forge num√©rique (1) LE STUDIUM Loire Valley Institute for,"{'beg': 47, 'end': 56}",Institute,['fem_0']
196_93,"De l‚Äôavis de tous les journalistes pr√©sents, cette voiture se montre absolument bluffante dans l‚Äôexercice.","{'beg': 80, 'end': 89}",bluffante,['fem_0']
198_0,Serviettes et lingettes pour chien,"{'beg': 14, 'end': 23}",lingettes,['fem_0']
198_1,"- Nourriture animaux et ...- lingettes d√©tachantes √† lessive pour chiens ,Une serviette pour chien est pratique pour s√©cher votre animal apr√®s une promenade sous la pluie ou apr√®s le bain.","{'beg': 29, 'end': 38}",lingettes,['fem_0']
198_2,Les lingettes sont tr√®s utiles pour nettoyer et d√©sinfecter tout en douceur certaines parties du corps de votre chien.,"{'beg': 4, 'end': 13}",lingettes,['fem_0']
198_3,Lingette pour chien lingette pour chiot nettoyante,"{'beg': 0, 'end': 8}",Lingette,['fem_0']
198_3,Lingette pour chien lingette pour chiot nettoyante,"{'beg': 20, 'end': 28}",lingette,['fem_0']
198_5,lingette,"{'beg': 0, 'end': 8}",lingette,['fem_0']
198_7,La lingette pour chien permet de nettoyer avec soin les yeux et les oreilles de votre chien ou de votre chat.,"{'beg': 3, 'end': 11}",lingette,['fem_0']
198_9,"‚Ä¶ n√©cessitent des soins attentifs et r√©guliers, consultez ...
Lingettes d√©tachantes pour tous les textiles U, x10 ...
","{'beg': 62, 'end': 71}",Lingettes,['fem_0']
198_12,"Ajouter Lingettes d√©tachantes pour tous les textiles U, x10 √† la liste.","{'beg': 8, 'end': 17}",Lingettes,['fem_0']
198_14,"Retirer une quantit√© de Lingettes d√©tachantes pour tous les textiles U, x10 Ajouter une quantit√© de Lingettes d√©tachantes pour tous les textiles U, x10.","{'beg': 24, 'end': 33}",Lingettes,['fem_0']
198_14,"Retirer une quantit√© de Lingettes d√©tachantes pour tous les textiles U, x10 Ajouter une quantit√© de Lingettes d√©tachantes pour tous les textiles U, x10.","{'beg': 100, 'end': 109}",Lingettes,['fem_0']
198_17,"pourquoi une lingette humide dans votre machine ...
Nous consacrons environ 4 heures par semaine √† faire la lessive.","{'beg': 13, 'end': 21}",lingette,['fem_0']
198_19,"M√™me si les machines √† laver modernes font l‚Äôe gros du travail pour nous, il est possible d‚Äôam√©liorer consid√©rablement le r√©sultat du lavage et d‚Äôainsi, gagner beaucoup de temps gr√¢ce √† une simple astuce.
Contactez le fabricantWhatsApp
Lingette","{'beg': 236, 'end': 244}",Lingette,['fem_0']
198_21,"Nous s√©lectionnons nos produits selon des crit√®res de qualit√© avant tout et essayons ainsi de vous proposer le meilleur choix possible au quotidien : Alimentation & Boissons, Hygi√®ne & Beaut√© ainsi que Entretien & Maison, c‚Äôestune large gamme de plus de 15 000 produits livr√©s √† domicile gr√¢ce √† notre supermarch√© en ligne.
Contactez le fabricantWhatsApp
Amazon.fr : lingette pour chien
Amazon.fr: lingette pour chien.","{'beg': 367, 'end': 375}",lingette,['fem_0']
198_21,"Nous s√©lectionnons nos produits selon des crit√®res de qualit√© avant tout et essayons ainsi de vous proposer le meilleur choix possible au quotidien : Alimentation & Boissons, Hygi√®ne & Beaut√© ainsi que Entretien & Maison, c‚Äôestune large gamme de plus de 15 000 produits livr√©s √† domicile gr√¢ce √† notre supermarch√© en ligne.
Contactez le fabricantWhatsApp
Amazon.fr : lingette pour chien
Amazon.fr: lingette pour chien.","{'beg': 398, 'end': 406}",lingette,['fem_0']
198_22,"Nous utilisons des cookies et des outils similaires pour faciliter vos achats, fournir nos services, pour comprendre comment les clients utilisent nos services afin de pouvoir apporter des am√©liorations, et pour pr√©senter des publicit√©s, y compris des publicit√©s bas√©es sur les centres d‚Äôint√©r√™t.
Contactez le fabricantWhatsApp
Lingettes lavables","{'beg': 328, 'end': 337}",Lingettes,['fem_0']
198_24,"12 lingettes + lotion 150 ml Boite bleue
Contactez le fabricantWhatsApp
Livraison √† domicile","{'beg': 3, 'end': 12}",lingettes,['fem_0']
198_25,"Cora Lingettes sols, 20 lingettes
houra.fr, le sp√©cialiste de la livraison √† domicile vous propose Cora Lingettes sols, 20 lingettes.","{'beg': 5, 'end': 14}",Lingettes,['fem_0']
198_25,"Cora Lingettes sols, 20 lingettes
houra.fr, le sp√©cialiste de la livraison √† domicile vous propose Cora Lingettes sols, 20 lingettes.","{'beg': 24, 'end': 33}",lingettes,['fem_0']
198_25,"Cora Lingettes sols, 20 lingettes
houra.fr, le sp√©cialiste de la livraison √† domicile vous propose Cora Lingettes sols, 20 lingettes.","{'beg': 104, 'end': 113}",Lingettes,['fem_0']
198_25,"Cora Lingettes sols, 20 lingettes
houra.fr, le sp√©cialiste de la livraison √† domicile vous propose Cora Lingettes sols, 20 lingettes.","{'beg': 123, 'end': 132}",lingettes,['fem_0']
198_27,Lingettes lavables,"{'beg': 0, 'end': 9}",Lingettes,['fem_0']
198_29,"12 lingettes + lotion 150 ml Boite bleue
Contactez le fabricantWhatsApp
SWIFFER","{'beg': 3, 'end': 12}",lingettes,['fem_0']
198_30,Recharges lingettes pour balai 40 lingettes pas,"{'beg': 10, 'end': 19}",lingettes,['fem_0']
198_30,Recharges lingettes pour balai 40 lingettes pas,"{'beg': 34, 'end': 43}",lingettes,['fem_0']
198_33,"Les lingettes Swiffer peuvent √™tre utilis√©es sur toutes les surfaces dures telles que : les sols en linol√©um, vinyle et c√©ramique pouvant √™tre cir√©s ou non, ainsi ...
Contactez le fabricantWhatsApp
Lingettes nettoyantes douces pour la peau, 25 unit√©s ...
Lingettes nettoyantes douces pour la peau, 25 unit√©s.","{'beg': 4, 'end': 13}",lingettes,['fem_0']
198_33,"Les lingettes Swiffer peuvent √™tre utilis√©es sur toutes les surfaces dures telles que : les sols en linol√©um, vinyle et c√©ramique pouvant √™tre cir√©s ou non, ainsi ...
Contactez le fabricantWhatsApp
Lingettes nettoyantes douces pour la peau, 25 unit√©s ...
Lingettes nettoyantes douces pour la peau, 25 unit√©s.","{'beg': 198, 'end': 207}",Lingettes,['fem_0']
198_33,"Les lingettes Swiffer peuvent √™tre utilis√©es sur toutes les surfaces dures telles que : les sols en linol√©um, vinyle et c√©ramique pouvant √™tre cir√©s ou non, ainsi ...
Contactez le fabricantWhatsApp
Lingettes nettoyantes douces pour la peau, 25 unit√©s ...
Lingettes nettoyantes douces pour la peau, 25 unit√©s.","{'beg': 255, 'end': 264}",Lingettes,['fem_0']
198_35,"Ce site utilise des t√©moins (appel√©s ¬´ Cookies ¬ª), afin de vous fournir une exp√©rience de navigation optimale.
Contactez le fabricantWhatsApp
Quel est le principe des lingettes absorbant les couleurs ...
Les lingettes les plus efficaces sont constitu√©es d‚Äôun tissu √©pais contenant deux types de produits chimiques aux activit√©s compl√©mentaires.","{'beg': 167, 'end': 176}",lingettes,['fem_0']
198_35,"Ce site utilise des t√©moins (appel√©s ¬´ Cookies ¬ª), afin de vous fournir une exp√©rience de navigation optimale.
Contactez le fabricantWhatsApp
Quel est le principe des lingettes absorbant les couleurs ...
Les lingettes les plus efficaces sont constitu√©es d‚Äôun tissu √©pais contenant deux types de produits chimiques aux activit√©s compl√©mentaires.","{'beg': 208, 'end': 217}",lingettes,['fem_0']
198_43,"√Ä propos de P&G Qui sommes-nous ?
Contactez le fabricantWhatsApp
Produits nettoyants pour vitres, lingettes microfibre
Produits nettoyants pour vitres","{'beg': 98, 'end': 107}",lingettes,['fem_0']
198_46,Les 8 meilleures lingettes pour chiens de 2020,"{'beg': 17, 'end': 26}",lingettes,['fem_0']
198_47,"- Comment ...
Ces lingettes sont utilis√©es pour nettoyer les rides sur, sous et autour des bouledogues, carlins, shar-peis et autres chiens √† la peau ample.","{'beg': 18, 'end': 27}",lingettes,['fem_0']
198_48,"Les coussinets en coton doux sont impr√©gn√©s d‚Äôhuile de noix de coco et d‚Äôaloe vera qui nettoient et apaisent la peau parfois sensible et irrit√©e entre les plis.
Contactez le fabricantWhatsApp
Lingettes nettoyantes douces : Hygi√®ne de la peau","{'beg': 192, 'end': 201}",Lingettes,['fem_0']
198_49,"- Wanimo
Lingettes nettoyantes","{'beg': 9, 'end': 18}",Lingettes,['fem_0']
198_54,"Un produit certifi√© BIO ne contient aucun organisme g√©n√©tiquement modifi√© (OGM), c‚Äôest-√†-dire qu‚Äôil est a √©t√© cultiv√© sans avoir eu recours √† des pesticides ou engrais chimiques de synth√®se.
Contactez le fabricantWhatsApp
D√©couvrez pourquoi une lingette humide dans votre machine ...
Nous consacrons environ 4 heures par semaine √† faire la lessive.","{'beg': 245, 'end': 253}",lingette,['fem_0']
198_69,garanties en lingette nettoyante,"{'beg': 13, 'end': 21}",lingette,['fem_0']
198_70,"!
Contactez le fabricantWhatsApp
Comment remplacer les lingettes d√©sinfectantes
","{'beg': 55, 'end': 64}",lingettes,['fem_0']
198_71,"Ceci est valable pour remplacer les lingettes anti bact√©riennes, mais vous pouvez trouver plein d‚Äôautres recettes","{'beg': 36, 'end': 45}",lingettes,['fem_0']
198_76,", faites √† partir d‚Äôun minimum de ...
Contactez le fabricantWhatsApp
Lingette","{'beg': 69, 'end': 77}",Lingette,['fem_0']
198_83,"Ecover
Contactez le fabricantWhatsApp
preÔºöprix des lingettes humides prix du d√©maquillant gomme prixnextÔºölingettes humides dans la mise √† jour du coronavirus au vietnam","{'beg': 51, 'end': 60}",lingettes,['fem_0']
204_2,"...
Voici des informations bien utiles dans la p√©riode pour les coll√®gues non titulaires enseignant.es, Psyen et CPE :
Pour les fins de contrat devant se terminer au court du mois de mars ou du mois d‚Äôavril,","{'beg': 89, 'end': 102}",enseignant.es,['fle_0']
204_6,"Informations LILMAC (voeux rentr√©e 2020)
Le serveur LILMAC a √©t√© rouvert jusqu‚Äôau mardi 31 mars minuit afin que les agent.es puissent formuler leurs v≈ìux.","{'beg': 116, 'end': 124}",agent.es,['fle_0']
204_10,"Analyse de la CGT Educ‚Äôaction de Cr√©teil
Nul.le ne peut ignorer la situation pand√©mique du COVID19 en France, avec une morbidit√© qui double tous les 3 jours, une mortalit√© qui s‚Äôaccentue et un confinement g√©n√©ral qui va monter en intensit√©, la conjoncture ne peut qu‚Äôimpacter le fonctionnement des diff√©rents services du rectorat et notamment de la DPE2.
","{'beg': 41, 'end': 47}",Nul.le,['fle_0']
204_11,Nous saluons le courage des agent.es du rectorat de Cr√©teil qui malgr√© le risque sanitaire sont pr√©sent.es par le bais du t√©l√© travail chaque jour pour assurer leur service.,"{'beg': 28, 'end': 36}",agent.es,['fle_0']
204_11,Nous saluons le courage des agent.es du rectorat de Cr√©teil qui malgr√© le risque sanitaire sont pr√©sent.es par le bais du t√©l√© travail chaque jour pour assurer leur service.,"{'beg': 96, 'end': 106}",pr√©sent.es,['fle_0']
204_12,"A l‚Äôheure actuelle les services de la DPE2 sont d√©sorganis√©s, seulement deux agent.es pour pouvoir traiter les prolongations de contrat.
","{'beg': 77, 'end': 85}",agent.es,['fle_0']
204_14,"Nos coll√®gues non-titulaires b√©n√©ficiant d‚Äôune prolongation de contrat ne sont pas certain.es de l‚Äôobtenir, car les d√©lais de remont√©e de justificatifs (le 24 mars) sont trop courts, des interruptions de r√©mun√©rations vont irr√©m√©diablement √™tre effectives.","{'beg': 83, 'end': 93}",certain.es,['fle_0']
204_15,Les coll√®gues non renouvel√©.es,"{'beg': 18, 'end': 30}",renouvel√©.es,['fle_0']
204_19,"Si la ministre du travail parle d‚Äôinterdire les licenciements dans le priv√©, l‚Äô√âtat comme employeur se doit d‚Äô√™tre exemplaire en renouvelant les contrats de ses agent.es non-titulaires.","{'beg': 161, 'end': 169}",agent.es,['fle_0']
204_20,"Au niveau acad√©mique et minist√©riel des d√©clarations ont √©t√© faites annon√ßant le renouvellement des contrats, l‚Äôid√©e √©tant de ¬´ ne pas fragiliser les plus fragiles dans la p√©riode ¬ª.
Mais on voit bien que ce ne sont que des annonces et que sur le terrain rien n‚Äôa √©t√© anticip√© pour pouvoir tenir ses promesses et prot√©ger l‚Äôensemble des agent.es !
A la CGT, la solidarit√© a un sens !","{'beg': 337, 'end': 345}",agent.es,['fle_0']
210_43,"Friday de pCloud : le meilleur stockage Cloud √† -76% !
Derniers tests
9
Critique Masters of the Universe:","{'beg': 96, 'end': 104}",Universe,['fem_0']
226_16,"Louise Jessop Michael Jessop
En f√©vrier 1977, Michael Jessop, un natif d‚ÄôEdmundston, demeurant √† Saint John √† l‚Äô√©poque, a √©t√© embauch√© au studio.","{'beg': 0, 'end': 6}",Louise,['fem_0']
226_17,"Peu de temps apr√®s, il a rencontr√© Louise, la fille de Larry et Charlotte, et a d√©but√© un partenariat avec elle qui existe toujours aujourd‚Äôhui.","{'beg': 35, 'end': 41}",Louise,['fem_0']
226_18,"Suite √† la retraite de Larry en 1991, Louise et Michael ont fait l‚Äôacquisition de l‚Äôentreprise.
Depuis ses d√©buts en 1905, le studio √©tait situ√© au 19, rue Hill, √† Edmundston.","{'beg': 38, 'end': 44}",Louise,['fem_0']
226_19,"Mais en 1995, Michael et Louise l‚Äôont d√©m√©nag√© √† leur r√©sidence au 73, avenue Fraser.
","{'beg': 25, 'end': 31}",Louise,['fem_0']
226_20,"En 2002, Michael et Louise ont ferm√© le studio sur l‚Äôavenue Fraser et ont d√©m√©nag√© √† Montr√©al.","{'beg': 20, 'end': 26}",Louise,['fem_0']
226_22,Michael et Louise,"{'beg': 11, 'end': 17}",Louise,['fem_0']
226_29,"Louise ¬ª √† la Bay, Halifax, N.-√â.
","{'beg': 0, 'end': 6}",Louise,['fem_0']
226_47,Louise Coburn,"{'beg': 0, 'end': 6}",Louise,['fem_0']
226_52,Nicole Roy-Aub√©,"{'beg': 0, 'end': 6}",Nicole,['fem_0']
226_62,Michael and Louise,"{'beg': 12, 'end': 18}",Louise,['fem_0']
226_69,"La plupart des renseignements sur cette page nous ont √©t√© transmis par Michael et Louise Jessop, √† la meilleure de leur rem√©moration des faits.","{'beg': 82, 'end': 88}",Louise,['fem_0']
233_79,"Filtres supplementaires
Conventionn√©(e)
","{'beg': 24, 'end': 39}",Conventionn√©(e),['fle_0']
233_99,"Le kin√©sith√©rapeute traite de nombreux probl√®mes et soulage la douleur li√©e aux organes et parties du corps.
√ó
Filtres supplementaires
Conventionn√©(e)
Tarifs des consultations
","{'beg': 135, 'end': 150}",Conventionn√©(e),['fle_0']
233_123,Femme Intersexe,"{'beg': 6, 'end': 15}",Intersexe,['fem_0']
238_20,"Les principaux acteurs op√©rant dans l‚Äô√©valuation de la s√©curit√© comprenant , IBM, Fireeye, Optiv, Qualys, Trustwave, Veracode, Check Point, Absolute Software, Rapid7, Cynergistek, Positive Technologies sont √©galement pr√©sent√©s dans le rapport.
","{'beg': 140, 'end': 148}",Absolute,['fem_0']
238_41,"Absolute Software, analyse SWOT du march√© de l'√©valuation de la s√©curit√©, avenir du march√© de l'√©valuation de la s√©curit√©, Check Point, croissance du march√© de l'√©valuation de la s√©curit√©, Cynergistek, dernier rapport du march√© de l'√©valuation de la s√©curit√©, d√©veloppement du march√© de l'√©valuation de la s√©curit√©, √âvaluation de la s√©curit√©, FireEye, March√© de l'√©valuation de la s√©curit√©, March√© de l'√©valuation de la s√©curit√© apr√®s Covid 19, March√© de l'√©valuation de la s√©curit√© au Royaume-Uni, March√© de l'√©valuation de la s√©curit√© aux √âtats-Unis, March√© de l'√©valuation de la s√©curit√© avant COVID 19, march√© de l'√©valuation de la s√©curit√© dans les pays cl√©s, March√© de l'√©valuation de la s√©curit√© en Am√©rique du NordIBM, March√© de l'√©valuation de la s√©curit√© en Asie, March√© de l'√©valuation de la s√©curit√© en Australie, March√© de l'√©valuation de la s√©curit√© en Europe, March√© de l'√©valuation de la s√©curit√© en Inde, March√© de l'√©valuation de la s√©curit√© Impact de Covid 19, march√© de l'√©valuation de la s√©curit√© par application, march√© de l'√©valuation de la s√©curit√© par tendances √† la hausse, March√© de l'√©valuation de la s√©curit√© Principaux fabricants, Optiv, Positive Technologies, Qualys, Rapid7, Trustwave, Veracode","{'beg': 0, 'end': 8}",Absolute,['fem_0']
239_82,"Science // Install√©s magnifiquement au c≈ìur des champs des plantes √† parfum traditionnellement cultiv√©es dans le Pays de Grasse, les Jardins du Mus√©e International de la...
Jardins du MIP, Chemin des Gourettes, Mouans-Sartoux, France
Mus√©es et centres culturels
L'Harmas de Jean-Henri Fabre
‚úÖ","{'beg': 200, 'end': 209}",Gourettes,['fem_0']
239_104,"La Maison m√©diterran√©enne des sciences de l'Homme est un campus d'enseignement et de recherche dans le domaine des sciences humaines et sociales, situ√© √†...
Rue du Ch√¢teau de l'Horloge, Aix-en-Provence, France
Mus√©es et centres culturels
Maison Nature & Patrimoines
La Maison Nature & Patrimoines, situ√©e au c≈ìur de Castellane, rassemble trois espaces d‚Äôexpositions, le Relais du Parc naturel r√©gional du Verdon et une boutique-librairie.","{'beg': 316, 'end': 326}",Castellane,['fem_0']
239_105,"Ce mus√©e communal...
Place Marcel Sauvaire, 04120 Castellane, France
Mus√©es et centres culturels
Maison R√©gionale de l'Eau
‚úÖ","{'beg': 50, 'end': 60}",Castellane,['fem_0']
241_0,"R√©servez votre billet d'avion avec la compagnie a√©rienne de votre choix puis organisez au mieux votre voyage de Skopje √† Grande Canarie avec ces informations pratiques.
","{'beg': 128, 'end': 135}",Canarie,['fem_0']
241_2,"A√©roports de Grande Canarie
( Las Palmas (LPA)
Distance du centre-ville : 22 kms
K","{'beg': 20, 'end': 27}",Canarie,['fem_0']
241_6,"Canarie ?
","{'beg': 0, 'end': 7}",Canarie,['fem_0']
241_9,"Canarie avec eDreams.fr
","{'beg': 0, 'end': 7}",Canarie,['fem_0']
241_10,Vous √™tes √† la recherche d'un vol entre Skopje et Grande Canarie ?,"{'beg': 57, 'end': 64}",Canarie,['fem_0']
241_11,"D√©couvrez nos offres et r√©servez d√®s maintenant votre billet d'avion pour aller √† Grande Canarie avec eDreams.fr !
","{'beg': 89, 'end': 96}",Canarie,['fem_0']
241_12,"R√©servez votre vol pas cher pour Grande Canarie
Que vous ayez envie de vous √©chapper de Skopje et partir quelques jours en vacances avec votre famille, aller rendre visite √† vos amis de Grande Canarie le temps d'un week-end, ou faire un voyage d'affaires √† Grande Canarie dans le cadre votre travail","{'beg': 40, 'end': 47}",Canarie,['fem_0']
241_12,"R√©servez votre vol pas cher pour Grande Canarie
Que vous ayez envie de vous √©chapper de Skopje et partir quelques jours en vacances avec votre famille, aller rendre visite √† vos amis de Grande Canarie le temps d'un week-end, ou faire un voyage d'affaires √† Grande Canarie dans le cadre votre travail","{'beg': 193, 'end': 200}",Canarie,['fem_0']
241_12,"R√©servez votre vol pas cher pour Grande Canarie
Que vous ayez envie de vous √©chapper de Skopje et partir quelques jours en vacances avec votre famille, aller rendre visite √† vos amis de Grande Canarie le temps d'un week-end, ou faire un voyage d'affaires √† Grande Canarie dans le cadre votre travail","{'beg': 264, 'end': 271}",Canarie,['fem_0']
241_14,"Les meilleures offres de vols entre Skopje et Grande Canarie
Que vous souhaitiez d√©nicher les bonnes affaires depuis l'a√©roport de Skopje ou trouver les meilleurs tarifs pour voyager √† Grande Canarie, le comparateur de vol eDreams France vous permettra d'acc√©der √† une large s√©lection d‚Äôoffres de billets d'avions des compagnies a√©riennes low-cost mais aussi des traditionnelles.
","{'beg': 53, 'end': 60}",Canarie,['fem_0']
241_14,"Les meilleures offres de vols entre Skopje et Grande Canarie
Que vous souhaitiez d√©nicher les bonnes affaires depuis l'a√©roport de Skopje ou trouver les meilleurs tarifs pour voyager √† Grande Canarie, le comparateur de vol eDreams France vous permettra d'acc√©der √† une large s√©lection d‚Äôoffres de billets d'avions des compagnies a√©riennes low-cost mais aussi des traditionnelles.
","{'beg': 192, 'end': 199}",Canarie,['fem_0']
241_15,"Si vous √™tes flexible au niveau de vos dates de d√©part, nous vous aidons aussi √† trouver le jour le moins cher pour vous rendre √† Grande Canarie.","{'beg': 137, 'end': 144}",Canarie,['fem_0']
241_17,"Par ailleurs, eDreams.fr vous fournit toutes les informations dont vous aurez besoin concernant votre vol Skopje - Grande Canarie avant le d√©part.","{'beg': 122, 'end': 129}",Canarie,['fem_0']
241_18,"Vous pourrez continuer votre r√©servation en indiquant les dates auxquelles vous souhaitez voyager et m√™me ajouter un h√¥tel ou la location d'une voiture si jamais vous en avez besoin.
Voyagez encore moins cher √† Grande Canarie avec eDreams Prime
Profitez de r√©ductions sur 100% des vols Skopje","{'beg': 218, 'end': 225}",Canarie,['fem_0']
241_20,Canarie avec eDreams Prime.,"{'beg': 0, 'end': 7}",Canarie,['fem_0']
241_23,"Les vols Skopje Grande Canarie sont-ils impact√©s par la situation du COVID-19?
Chez eDreams, nous souhaitons nous assurer que les restrictions prise en Espagne n¬¥affectera pas votre voyage depuis Skopje.","{'beg': 23, 'end': 30}",Canarie,['fem_0']
241_24,"Lors de votre r√©servation sur notre site, nous vous permettons d¬¥avoir billet flexible : vous pourrez ainsi changer votre billet sans frais suppl√©mentaires ou vous faire rembourser.
Comment trouver des billets pas chers de Skopje √† Grande Canarie sur eDreams ?
","{'beg': 239, 'end': 246}",Canarie,['fem_0']
241_25,"Le prix moyen pour voyager depuis Skopje vers Grande Canarie est de null null mais ce dernier peut varier en fonction de la p√©riode et du temps que de r√©servation.
","{'beg': 53, 'end': 60}",Canarie,['fem_0']
241_29,"Canarie
","{'beg': 0, 'end': 7}",Canarie,['fem_0']
241_31,"Budapest Grande Canarie
","{'beg': 16, 'end': 23}",Canarie,['fem_0']
241_32,"Vol Bucarest Grande Canarie
","{'beg': 20, 'end': 27}",Canarie,['fem_0']
241_34,"Caracas Grande Canarie
","{'beg': 15, 'end': 22}",Canarie,['fem_0']
241_37,"Canarie
","{'beg': 0, 'end': 7}",Canarie,['fem_0']
241_40,"Nj Grande Canarie
","{'beg': 10, 'end': 17}",Canarie,['fem_0']
241_43,"Canarie
","{'beg': 0, 'end': 7}",Canarie,['fem_0']
241_44,"Vol Samara Grande Canarie
","{'beg': 18, 'end': 25}",Canarie,['fem_0']
241_47,"Canarie
","{'beg': 0, 'end': 7}",Canarie,['fem_0']
241_50,"Canarie
","{'beg': 0, 'end': 7}",Canarie,['fem_0']
241_52,"Murcie Grande Canarie
","{'beg': 14, 'end': 21}",Canarie,['fem_0']
241_54,"Rodez Grande Canarie
","{'beg': 13, 'end': 20}",Canarie,['fem_0']
241_56,"Rockland Grande Canarie
","{'beg': 16, 'end': 23}",Canarie,['fem_0']
241_57,"Vol Ronneby Grande Canarie
","{'beg': 19, 'end': 26}",Canarie,['fem_0']
242_1,"‚Äì English-French dictionary and search engine for English translations.
","{'beg': 39, 'end': 45}",engine,['fem_0']
242_46,D√©busqueuse (7),"{'beg': 0, 'end': 11}",D√©busqueuse,['fem_0']
243_95,"Enfants et belle-fille : le prince h√©ritier Haakon et son √©pouse la princesse h√©riti√®re Mette-Marit, la princesse M√§rtha Louise.","{'beg': 121, 'end': 127}",Louise,['fem_0']
244_71,"vince il tenore David Rui:
‚Äã
‚Äã
Entrevue diffus√©e le 12 ao√ªt 2017 sur ICI Radio-Canada Premi√®re:
","{'beg': 9, 'end': 15}",tenore,['fem_0']
249_36,"Il se d√©roulera √† Kortrijk, au Casinoplein, en soir√©e.
Citoyen.ne.s, on a besoin de vous !","{'beg': 55, 'end': 67}",Citoyen.ne.s,['fle_0']
264_241,"Faire une offre maintenant
Illustrations/Dessin pour Game Android S&#039;est termin√© left
Bonjour, Je suis √† la recherche d'un dessinateur/dessinatrice pour quelques illustrations pour mon jeu vid√©o sur Android.","{'beg': 127, 'end': 151}",dessinateur/dessinatrice,['coo_1']
266_108,Refugees (UNHCR),"{'beg': 0, 'end': 8}",Refugees,['fem_0']
266_109,"has taken a decision to invoke the cessation clause for Rwandan refugees, effectively taking away the protection","{'beg': 64, 'end': 72}",refugees,['fem_0']
266_110,refugees have under the UN by 31st December 2017.,"{'beg': 0, 'end': 8}",refugees,['fem_0']
266_111,There are hundreds of thousands of Rwandan refugees all over the world.,"{'beg': 43, 'end': 51}",refugees,['fem_0']
269_5,L'Invit√©(e) des Matins par Guillaume,"{'beg': 2, 'end': 11}",Invit√©(e),['fle_0']
269_26,"L'Invit√©(e) des Matins
¬´ Dans mon enfance","{'beg': 2, 'end': 11}",Invit√©(e),['fle_0']
269_28,"Avec Michel Eltchaninoff, Olga Gille-Belova et Jacques Rupnik
39 min
L'Invit√©(e) des Matins
Poutine : la tension comme ligne diplomatique.","{'beg': 71, 'end': 80}",Invit√©(e),['fle_0']
269_32,"L'Invit√©(e) des Matins
Lanceurs d‚Äôalerte : des justiciers au d√©fi de la loi ?","{'beg': 2, 'end': 11}",Invit√©(e),['fle_0']
271_42,"Maintien de l'ordre : Il y a eu un ""vrai tournant"" en France depuis les manifestations contre la loi Travail, selon un sociologue
Loi ""s√©curit√© globale"" : des milliers de manifestants dans plusieurs villes de France
Police : une hausse des agressions contre les agents
Proposition de loi sur la ""s√©curit√© globale"" : la D√©fenseure des droits craint des ""risques consid√©rables"" pour les droits fondamentaux
les sujets associ√©s
""Gilets jaunes""
Transports
Eco / Conso
Arm√©e et s√©curit√©
M√©tiers
Emploi
","{'beg': 319, 'end': 329}",D√©fenseure,['fem_0']
271_58,"Youtube (nouvel onglet)
le live
direct tv
direct radio
Soyez alert√©(e) en temps r√©el avec l'application franceinfo :
","{'beg': 61, 'end': 70}",alert√©(e),['fle_0']
272_33,"Youtube (nouvel onglet)
le live
direct tv
direct radio
Soyez alert√©(e) en temps r√©el avec l'application franceinfo :
","{'beg': 61, 'end': 70}",alert√©(e),['fle_0']
273_27,"Votre coach/th√©rapeute/paysagiste/formatrice/auteure
","{'beg': 45, 'end': 52}",auteure,['fem_0']
273_42,"Acad√©mie ‚ÄòSublime SUKIYA‚Äô
www.frederique-dumas.com
Abonnez-vous √† mon feed pour suivre chaque matin ‚ÄúMa vie d‚Äôentrepreneure","{'beg': 110, 'end': 123}",entrepreneure,['fem_0']
273_82,"Votre coach/th√©rapeute/paysagiste/formatrice/auteure
","{'beg': 45, 'end': 52}",auteure,['fem_0']
273_97,"Acad√©mie ‚ÄòSublime SUKIYA‚Äô
www.frederique-dumas.com
Abonnez-vous √† mon feed pour suivre chaque matin ‚ÄúMa vie d‚Äôentrepreneure","{'beg': 110, 'end': 123}",entrepreneure,['fem_0']
273_126,"Votre coach/th√©rapeute/paysagiste/formatrice/auteure
","{'beg': 45, 'end': 52}",auteure,['fem_0']
273_141,"Acad√©mie ‚ÄòSublime SUKIYA‚Äô
www.frederique-dumas.com
Abonnez-vous √† mon feed pour suivre chaque matin ‚ÄúMa vie d‚Äôentrepreneure","{'beg': 110, 'end': 123}",entrepreneure,['fem_0']
273_169,"Votre coach/th√©rapeute/paysagiste/formatrice/auteure
","{'beg': 45, 'end': 52}",auteure,['fem_0']
273_184,"Acad√©mie ‚ÄòSublime SUKIYA‚Äô
www.frederique-dumas.com
Abonnez-vous √† mon feed pour suivre chaque matin ‚ÄúMa vie d‚Äôentrepreneure","{'beg': 110, 'end': 123}",entrepreneure,['fem_0']
273_186,"‚Äì @dumas.frederique !
Publi√© le 15/05/2019 16/05/2020
STOP au clich√© ‚Äòtrop vieux / trop vieille‚Äô pour cr√©er son m√©tier ‚ÄòNature‚Äô !
‚ÄúPersonne n‚Äôest trop vieux pour se fixer un nouvel objectif ou r√©aliser de nouveaux r√™ves‚Äù","{'beg': 75, 'end': 95}",vieux / trop vieille,['coo_1']
273_195,"Une situation ‚ÄòTREMPLIN‚Äô en fait‚Ä¶
üåø Certain(e)s se diront m√™me : ‚ÄúMais pourquoi faire l‚Äôeffort de bouger et de tout chambouler si pr√®s de la retraite, pourquoi ne pas rester encore bien tranquille jusqu‚Äô√† la fin ?‚Äù.","{'beg': 36, 'end': 47}",Certain(e)s,['fle_0']
273_246,Comment pourrai-je trouver le bonheur dans une activit√© o√π je pourrais √™tre √©panoui(e) ?,"{'beg': 76, 'end': 86}",√©panoui(e),['fle_0']
273_253,"Votre coach/th√©rapeute/paysagiste/formatrice/auteure
","{'beg': 45, 'end': 52}",auteure,['fem_0']
273_268,"Acad√©mie ‚ÄòSublime SUKIYA‚Äô
www.frederique-dumas.com
Abonnez-vous √† mon feed pour suivre chaque matin ‚ÄúMa vie d‚Äôentrepreneure","{'beg': 110, 'end': 123}",entrepreneure,['fem_0']
273_302,"Votre coach/th√©rapeute/paysagiste/formatrice/auteure
","{'beg': 45, 'end': 52}",auteure,['fem_0']
273_317,"Acad√©mie ‚ÄòSublime SUKIYA‚Äô
www.frederique-dumas.com
Abonnez-vous √† mon feed pour suivre chaque matin ‚ÄúMa vie d‚Äôentrepreneure","{'beg': 110, 'end': 123}",entrepreneure,['fem_0']
273_323,"Assez d‚Äô√™tre priv√©(e) de votre famille, de ne pas voir grandir vos enfants parce qu‚Äôil vous faut bosser sans cesse pour gagner des peccadilles‚Ä¶","{'beg': 13, 'end': 21}",priv√©(e),['fle_0']
273_338,"Quand serez-vous pr√™t(e)s √† vous lever et √† vous montrer dans toute votre puissance de cr√©ation ?
Vous pouvez changer de vie, cr√©er votre business, habiter √† la campagne si vous en avez envie, avec une super qualit√© de vie‚Ä¶ !
Vous pouvez r√©ellement r√©ussir en faisant ce que vous aimez !
","{'beg': 17, 'end': 25}",pr√™t(e)s,['fle_0']
273_339,Si vous √™tes pr√™t(e),"{'beg': 13, 'end': 20}",pr√™t(e),['fle_0']
273_356,"Acad√©mie ‚ÄòSublime SUKIYA‚Äô
www.frederique-dumas.com
Abonnez-vous √† mon feed pour suivre chaque matin ‚ÄúMa vie d‚Äôentrepreneure","{'beg': 110, 'end': 123}",entrepreneure,['fem_0']
274_7,Elle est l‚Äôauteure d‚Äôouvrages de r√©f√©rence‚Äâ:,"{'beg': 11, 'end': 18}",auteure,['fem_0']
276_52,"La pr√©sentation tournait sur un PC de bourrin, certes, mais le Red Engine 3 reste sublime.","{'beg': 67, 'end': 73}",Engine,['fem_0']
290_146,"Nous contacter
Pour plus d‚Äôinformations sur les √©tudes juives √† l‚Äôuniversit√© Emory, visitez le Tam Institute for Jewish Studies de l‚Äôuniversit√© Emory ou contactez-nous.
","{'beg': 99, 'end': 108}",Institute,['fem_0']
294_29,"s√ªr¬∑e de votre choix ?
Revenir √† l‚Äô√©cran pr√©c√©dent
Tout refuser
La fermeture de cette fen√™tre revient √† refuser certains cookies lors de votre navigation sur Horizons publics.","{'beg': 0, 'end': 5}",s√ªr¬∑e,['fle_0']
295_29,"s√ªr¬∑e de votre choix ?
Revenir √† l‚Äô√©cran pr√©c√©dent
Tout refuser
La fermeture de cette fen√™tre revient √† refuser certains cookies lors de votre navigation sur Horizons publics.","{'beg': 0, 'end': 5}",s√ªr¬∑e,['fle_0']
314_169,{ begin += NomDuCookie.length+1;,"{'beg': 11, 'end': 31}",NomDuCookie.length+1,['fle_1']
314_173,"return unescape(document.cookie.substring(begin, end));","{'beg': 7, 'end': 47}",unescape(document.cookie.substring(begin,['fle_1']
314_185,} // r√©seaux sociaux document.getElementById('msginfo').style.display = 'block';,"{'beg': 21, 'end': 69}",document.getElementById('msginfo').style.display,['fle_1']
314_212,"document.body.className = document.body.className.replace('cookiebanner','');","{'beg': 26, 'end': 71}",document.body.className.replace('cookiebanner,['fle_1']
314_221,"document.body.className = document.body.className.replace('cookiebanner','');","{'beg': 26, 'end': 71}",document.body.className.replace('cookiebanner,['fle_1']
314_230,"document.body.className = document.body.className.replace('cookiebanner','');","{'beg': 26, 'end': 71}",document.body.className.replace('cookiebanner,['fle_1']
319_47,"Vous aimerez aussi
Coffret l'Avant-trOu BOIS-TERRASSE (Vis affleurantes)
2 forets l‚ÄôAvant-trOu de √ò 4mm au Cobalt 5% HSS (hors partie pointe) avec prise en ¬´ S ¬ª limitant l‚Äô√©chauffement au per√ßage","{'beg': 59, 'end': 71}",affleurantes,['fem_0']
326_199,if(!document.getElementById(rgpdzone)){ console.log('getelement is null');,"{'beg': 40, 'end': 63}",console.log('getelement,['fle_1']
331_9,"Le mardi 27 octobre, √† Fourmies en ligne
Organis√©e avec le soutien des PIJ Sambre-Avesnois et avec la
participation d‚ÄôEurope en Hainaut
Ready","{'beg': 23, 'end': 31}",Fourmies,['fem_0']
331_13,".
La formation 1er accueil du mardi 27 octobre est compl√®te, n‚Äôh√©sitez pas √† nous contacter si vous souhaitez √™tre inform√©¬∑e¬∑s directement des prochaines dates
Objectifs
Permettre aux participants travaillant quotidiennement avec les jeunes, d'√™tre en capacit√© de donner les principales informations sur les diff√©rents dispositifs de mobilit√© vers l‚ÄôEurope et l‚Äôinternational, de r√©pondre √† leurs questions, de les orienter vers les structures comp√©tentes en R√©gion Hauts-de-France.
POURQUOI","{'beg': 115, 'end': 126}",inform√©¬∑e¬∑s,['fle_0']
331_26,"Fourmies, et Europe en Hainaut.
","{'beg': 0, 'end': 8}",Fourmies,['fem_0']
331_29,"Rejoignez le r√©seau
RESTER INFORM√â(E)","{'beg': 27, 'end': 37}",INFORM√â(E),['fle_0']
331_39,"Se r√©f√©rencer
Rester inform√©(e)
Conditions d'utilisation
","{'beg': 21, 'end': 31}",inform√©(e),['fle_0']
334_18,"La bouche est d'une douceur enrobante, typique du c√©page, et se marie harmonieusement √† l'agr√©able fraicheur, qui rappelle en bouche ses fragrances olfactives.","{'beg': 28, 'end': 37}",enrobante,['fem_0']
342_76,"help companies to innovate, through the prism of consumer
expectations.
","{'beg': 18, 'end': 26}",innovate,['fem_0']
342_100,"We are clean blog
www.trendsourcing.com
Matteo CAPELLINI
Associate Partner
BAIN & COMPANY
Charlotte CATTON PUECHBROUSSOU
Co-fondatrice
What Matters
Charlotte Catton est la co-fondatrice de What Matters.","{'beg': 57, 'end': 66}",Associate,['fem_0']
342_195,"@evalag / @re_sources.co
Twitter: @EvaLagarde
Avec plus de 15 ans d'exp√©rience internationale dans l'industrie de la beaut√©, √† commencer par Cosmoprof (le principal √©v√©nement B2B de la beaut√©), puis MakeUp in shows et enfin Premium Beauty News (principale publication B2B).","{'beg': 10, 'end': 24}",@re_sources.co,['fle_1']
347_36,"Millie
Apr√®s une pratique op√©rationnelle du contr√¥le de gestion, MH","{'beg': 0, 'end': 6}",Millie,['fem_0']
347_37,Millie a cr√©√© et dirige la soci√©t√© NANKITA (conseil et formation en contr√¥le de gestion).,"{'beg': 0, 'end': 6}",Millie,['fem_0']
351_64,"Art shows Classical Chinese Paintings
17/11/2021
Portes ouvertes d'Anvers aux Abbesses
25/10/2021
Vogue","{'beg': 20, 'end': 27}",Chinese,['fem_0']
360_30,??? Je prends √©galement du CRESTOR 5 mg pour hypercholest√©rol√©mie √©galement g√©n√©tique) et un soir sur deux PROTHIADEN 25 (pour probl√®mes d'endormissement pour cau...lire la suitese d'acouph√®ne),"{'beg': 173, 'end': 180}",suitese,['fem_0']
365_67,"Vous avez une questions sur un de nos engins ou sur une de nos prestations ?
Contactez-nous
Agence de Noues-de-Sienne
02 31 68 06 13
Agence de T√¥tes
","{'beg': 28, 'end': 55}",un de nos engins ou sur une,['coo_1']
375_3,"Tous mes articles sont en acc√®s libre, pour celles et ceux qui le souhaitent,","{'beg': 44, 'end': 58}",celles et ceux,['coo_1']
377_22,"virtuel sera publi√© en ligne 13 h 30 HAE pour fournir des commentaires et une vue sur la lune depuis Rome.
√âgalement en ligne, 16 h 00 HNE, Moon and Planetary Institute Vous animerez une √©mission en direct Sur une ‚Äúlune froide‚Äù qui ‚Äúmettra en lumi√®re les myst√©rieux crat√®res du p√¥le sud de la lune qui contiennent de la glace d‚Äôeau et la cl√© de l‚Äôexploration future de la lune et du syst√®me solaire‚Äù.
","{'beg': 159, 'end': 168}",Institute,['fem_0']
377_23,"READ Sur le point d'amorcer la fusion au National Ignition Facility
T√©l√©vision de la NASA 19 h 30-20 h 30 HAE avec les salutations de personnes du monde entier, une ancienne histoire inca sur la lune, une vue rapproch√©e de la surface de la lune vue √† travers des t√©lescopes √† Sloh au Chili et aux √Æles Canaries, et les survols de Lunar figurent sur la carte lunaire de cette ann√©e et des informations sur la mission VIPER de la NASA et le programme Artemis, qui pr√©voit d‚Äôenvoyer des humains au p√¥le sud de la lune.
","{'beg': 302, 'end': 310}",Canaries,['fem_0']
381_4,Parfois √† l'origine de lombalgie ses dysfonctions du syst√®me digestifs peuvent √™tre handicapantes dans la vie quotidienne.,"{'beg': 84, 'end': 97}",handicapantes,['fem_0']
394_66,"Dans le cadre de la cr√©ation d‚Äôune plateforme digitale, le groupe poursuit son d√©veloppement par le recrutement d‚Äôun(e) Chef de projet Acquisition & Fid√©lisation.
Rattach√©(e) √† la Direction digitale, vos missions sont les suivantes :
Vous √™tes en charge de g√©rer des campagnes emailing, display et affiliation, pour acqu√©rir des prospects.","{'beg': 163, 'end': 174}",Rattach√©(e),['fle_0']
394_70,"Comment postuler ?
Pour ce poste, nous recherchons un(e) candidat(e) issu(e)","{'beg': 57, 'end': 76}",candidat(e) issu(e),['fle_0']
395_51,"- Grand topic des Pr√©sentations 2020 / 2021
par Alth√©a Manita, le 25 Nov 2021
Bonjour a toutes et √† tous, j'ai 36 ans, je vis dans le sud de la France, avec ma fille de 11 ans.","{'beg': 88, 'end': 104}",toutes et √† tous,['coo_1']
401_2,"C'est vrai que l'id√©e de ne plus avoir de pens√©e, pour celles et ceux qui se sentent envahi.e par leur mental, peut sembler attrayante.
","{'beg': 55, 'end': 69}",celles et ceux,['coo_1']
401_2,"C'est vrai que l'id√©e de ne plus avoir de pens√©e, pour celles et ceux qui se sentent envahi.e par leur mental, peut sembler attrayante.
","{'beg': 85, 'end': 93}",envahi.e,['fle_0']
401_7,"C'est aussi simple que √ßa !
Mais alors, me direz-vous, que faire de ces pens√©es quand on m√©dite ?
Puisque nous ne pouvons emp√™cher les pens√©es de surgir, la pratique de la m√©ditation de pleine conscience consiste √† les accueillir, les observer sans jugement, avec curiosit√© (tout juste, peut √™tre, en notant leurs caract√©ristiques, leur contenu, leur nature agr√©able ou d√©sagr√©able ou neutre).
Cela veut dire qu'on ne cherche pas :
√† repousser les pens√©es quand elles arrivent (en se jugeant parce qu'on est persuad√©e qu'on ne devrait pas penser !)
ni √† les suivre, en se d√©connectant alors de nous m√™me et en partant ""ailleurs"" dans des r√©flexions ou des r√™veries, et encore moins √† les croire en √©tant persuad√©.e ""qu'on n'y arrivera pas"", ""qu'il faut aller faire ce SMS imm√©diatement"" et √† ob√©ir √† ce qui nous semble √™tre une v√©rit√© ou une injonction.
","{'beg': 704, 'end': 714}",persuad√©.e,['fle_0']
401_9,"Un peu comme si nous √©tions allong√©.e dans l'herbe et que nous nous observions des nuages dans le ciel : ils arrivent, ils passent, ils changent de forme, puis ils disparaissent.
Et plus nous pratiquons, plus nous nous rendons compte que nos pens√©es ne sont que des manifestations qui vont et viennent, apparaissent et disparaissent, que nous pouvons nous contenter de les observer sans nous y accrocher, sans nous r√©tracter autour d'elles ‚Ä¶ de la m√™me mani√®re dont nous pouvons percevoir les sensations du souffle, du corps, les sons lors de notre pratique de m√©ditation.
","{'beg': 28, 'end': 37}",allong√©.e,['fle_0']
401_15,"Si cet article vous a int√©ress√©.e, inscrivez-vous √† la newsletter Re-Connect pour en recevoir d'autres,","{'beg': 22, 'end': 33}",int√©ress√©.e,['fle_0']
415_0,"En plein c≈ìur du Parc naturel r√©gional de Bri√®re, le port de Roz√© offre une nouvelle porte d‚Äôentr√©e pour tous les amoureux de la nature, en qu√™te de sensations douces et de tourisme vert !
","{'beg': 42, 'end': 48}",Bri√®re,['fem_0']
415_2,"proposer aux habitants et aux visiteurs une d√©couverte ressour√ßante et apais√©e dans un cadre pr√©serv√©.
Du haut de ses 24 m√®tres, cet observatoire vous offre un panorama exceptionnel sur les marais de Bri√®re, tout en s‚Äôint√©grant √† la v√©g√©tation environnante.","{'beg': 55, 'end': 67}",ressour√ßante,['fem_0']
415_2,"proposer aux habitants et aux visiteurs une d√©couverte ressour√ßante et apais√©e dans un cadre pr√©serv√©.
Du haut de ses 24 m√®tres, cet observatoire vous offre un panorama exceptionnel sur les marais de Bri√®re, tout en s‚Äôint√©grant √† la v√©g√©tation environnante.","{'beg': 200, 'end': 206}",Bri√®re,['fem_0']
415_7,"Roz√© immersion bri√®re
LE PORT DE ROZE","{'beg': 15, 'end': 21}",bri√®re,['fem_0']
415_8,"- Porte d'entr√©e Est de la Bri√®re
Berceau de la construction navale, il fut un port tr√®s actif au 18e si√®cle gr√¢ce au commerce de la tourbe et du noir de Bri√®re en particulier .Il est situ√© √† la confluence du Brivet et du canal de Roz√© qui donne acc√®s au marais indivis de Grande Bri√®re.
Parcours num√©rique
Bornes interactives pour d√©couvrir les tr√©sors de la Bri√®re lors d'une balade in√©dite sur pr√®s de 3 kilom√®tres.","{'beg': 27, 'end': 33}",Bri√®re,['fem_0']
415_8,"- Porte d'entr√©e Est de la Bri√®re
Berceau de la construction navale, il fut un port tr√®s actif au 18e si√®cle gr√¢ce au commerce de la tourbe et du noir de Bri√®re en particulier .Il est situ√© √† la confluence du Brivet et du canal de Roz√© qui donne acc√®s au marais indivis de Grande Bri√®re.
Parcours num√©rique
Bornes interactives pour d√©couvrir les tr√©sors de la Bri√®re lors d'une balade in√©dite sur pr√®s de 3 kilom√®tres.","{'beg': 154, 'end': 160}",Bri√®re,['fem_0']
415_8,"- Porte d'entr√©e Est de la Bri√®re
Berceau de la construction navale, il fut un port tr√®s actif au 18e si√®cle gr√¢ce au commerce de la tourbe et du noir de Bri√®re en particulier .Il est situ√© √† la confluence du Brivet et du canal de Roz√© qui donne acc√®s au marais indivis de Grande Bri√®re.
Parcours num√©rique
Bornes interactives pour d√©couvrir les tr√©sors de la Bri√®re lors d'une balade in√©dite sur pr√®s de 3 kilom√®tres.","{'beg': 280, 'end': 286}",Bri√®re,['fem_0']
415_8,"- Porte d'entr√©e Est de la Bri√®re
Berceau de la construction navale, il fut un port tr√®s actif au 18e si√®cle gr√¢ce au commerce de la tourbe et du noir de Bri√®re en particulier .Il est situ√© √† la confluence du Brivet et du canal de Roz√© qui donne acc√®s au marais indivis de Grande Bri√®re.
Parcours num√©rique
Bornes interactives pour d√©couvrir les tr√©sors de la Bri√®re lors d'une balade in√©dite sur pr√®s de 3 kilom√®tres.","{'beg': 360, 'end': 366}",Bri√®re,['fem_0']
425_1,C'est un capital pr√©cieux et n√©cessaire pour les chercheurs et les chercheuses.,"{'beg': 49, 'end': 78}",chercheurs et les chercheuses,"['coo_1', 'coo_0']"
431_73,"Je remercie toutes celles et tous ceux qui ont pris part √† ce d√©bat tr√®s riche, particuli√®rement notre rapporteur, Michel Delebarre.
","{'beg': 19, 'end': 38}",celles et tous ceux,['coo_1']
440_15,"Cette partie de la s√©ance dure environ une heure, se d√©roule en sous-v√™tement ou maillot de bain (deux pi√®ces pour les femmes), allong√©(e) et de pr√©f√©rence les yeux ferm√©s car cela permet de s'int√©rioriser, de se d√©tendre et d'√™tre attentif √† ce qui se passe en vous lors du travail.","{'beg': 128, 'end': 138}",allong√©(e),['fle_0']
