Text,Annotations
"Menée le plus souvent sous anesthésie générale, la chirurgie thyroïdienne peut aussi être pratiquée sous anesthésie régionale ou sous anesthésie locale.",[]
Notre objectif a été de rapporter l'expérience du Centre Hospitalier Universitaire d'Antananarivo sur l'anesthésie locale dans les thyroïdectomies.,[]
"La drogue employée dans notre protocole anesthésique a été le fentanyl, administré en intraveineuse directe, associé à une infiltration sous-cutanée de lidocaïne suivant la ligne d'incision.",[]
"Le/la patient(e) n'a pas été intubé(e), l'oxygène étant délivré au niveau des cavités nasales.","[{'beg': 0, 'end': 16, 'text': 'Le/la patient(e)', 'metadata': {'category': ['fle']}}, {'beg': 29, 'end': 38, 'text': 'intubé(e)', 'metadata': {'category': ['fle']}}]"
"Ont été étudiés le type de chirurgie thyroïdienne, la durée de l'intervention, la satisfaction des patient(e)s vis-à-vis de la qualité de l'anesthésie, et le coût de l'intervention.","[{'beg': 99, 'end': 110, 'text': 'patient(e)s', 'metadata': {'category': ['fle']}}]"
"Sur 567 thyroïdectomies effectuées, 51,68% (n= 293) ont été des lobo-isthmectomies gauches, 44,44% (n= 252) des lobo-isthmectomies droites, 2,82% (n= 16) des thyroïdectomies subtotales ou totales, 1,06% (n= six) des totalisations pour carcinomes thyroïdiens.",[]
La durée des interventions a varié de 30 à 90 minutes.,[]
"Un total de 83,95% (n= 476) des patient(e)s a été très satisfait de la qualité de l'anesthésie et 15,87% autres (n= 90) satisfait.","[{'beg': 32, 'end': 43, 'text': 'patient(e)s', 'metadata': {'category': ['fle']}}]"
Les suites opératoires ont été bonnes dans la majorité des cas.,[]
Le coût d'une thyroïdectomie a été évalué à 100- 150 dollars américains.,[]
"L'anesthésie locale utilisée dans les thyroïdectomies effectuées au Centre Hospitalier Universitaire d'Antananarivo est simple, rapide, d'un coût moyen, et permet d'alarmer précocement le chirurgien en cas de lésion d'un nerf laryngé inférieur.",[]
Une représentation des étudiants dans toutes les disciplines de la réadaptation (p.,[]
"ex., audiologie, ergothérapie, orthophonie) aurait été idéale, mais l’échelle COREQ ne fait pas actuellement partie de toutes les formations à la pratique factuelle, donc la majorité de ces étudiant(e)s ne connaissent pas cet outil.","[{'beg': 190, 'end': 202, 'text': 'étudiant(e)s', 'metadata': {'category': ['fle']}}]"
"Objectif
L’objectif était d’étudier le déploiement des discours sur la vaccination contre les VPH (VVPH) et leur impact sur les filles, les parents, les infirmiers/infirmières et les médecins canadiens.","[{'beg': 153, 'end': 175, 'text': 'infirmiers/infirmières', 'metadata': {'category': ['coo']}}]"
"Méthodes
Des entrevues ont été réalisées avec des participant(e)s (n = 146) de quatre provinces canadiennes.","[{'beg': 50, 'end': 65, 'text': 'participant(e)s', 'metadata': {'category': ['fle']}}]"
Une analyse poststructuraliste du discours a permis d’examiner les campagnes de VVPH et les transcriptions d’entrevues pour documenter la façon dont les participant(e)s interprètent les VVPH et se positionnent comme sujets au sein des discours de l’industrie ou des agences de santé publique.,"[{'beg': 153, 'end': 168, 'text': 'participant(e)s', 'metadata': {'category': ['fle']}}]"
"Résultats
Les campagnes de VVPH sont sexistes, hétéro-normatives et trompeuses.",[]
Émergeant de l’analyse des entrevues est le manque d’information des filles et des parents en ce qui a trait à la VVPH.,[]
"Les mères se construisent en tant que bio-citoyennes responsables, mais au prix de l’impuissance, de l’anxiété et de la peur ressenties parallèlement à l’impératif d’agir pour minimiser le risque de cancer de leur fille.",[]
"Quant aux professionnel(le)s de la santé, ils s’approprient les discours dominants sur la VVPH et utilisent la peur comme stratégie pour fabriquer le consentement pour la VVPH.","[{'beg': 10, 'end': 28, 'text': 'professionnel(le)s', 'metadata': {'category': ['fle']}}]"
Les occasions de dialogue sur la VVPH et la santé sexuelle des filles sont perdues et les positions en tant que sujets sont problématiques pour tous les types de participant.,[]
"Conclusions
Nous nous questionnons à savoir si la santé publique est bien servie quand les discours sur la VVPH transforment des corps en santé en corps « à risque » et quand la peur du cancer est instrumentalisée pour la pharmacologisation de la santé publique.",[]
"La pandémie au virus SARS-CoV-2 a plongé notre pays dans une crise sanitaire inédite qui n’a pu, alors qu’elle aurait dû, être suffisamment anticipée.",[]
"Le foyer infectieux a débuté en Chine dans la province de Wuhan, puis a touché l’Italie, la France et l’Espagne.",[]
"Début mars, après 10 jours d’épidémie de COVID-19, les collègues italiens nous invitaient à nous préparer en urgence et ne pas sous-estimer la tâche.",[]
"Les équipes d’anesthésie-réanimation, habituées à gérer les situations de crise et impliquées activement dans les plans blancs hospitaliers, ont rapidement réagi face à cette situation exceptionnelle.",[]
"Le plan blanc national associé à l’urgence sanitaire et une déprogrammation nationale des activités programmées, consultations et interventions, ont permis de mobiliser les équipes médicales et paramédicales vers des capacités d’accueil de réanimation au sein des services de surveillance continue, des soins intensifs et des salles de surveillance post-interventionnelle des établissements [1].",[]
La situation était toutefois tendue.,[]
Former les soignants devenait alors une priorité absolue.,[]
La confiance de ces mêmes soignants en la possibilité d’obtenir du matériel de protection individuelle (EPI) et leur sentiment d’efficacité pour appliquer correctement les mesures de protection étaient faibles.,[]
"La peur des cliniciens de première ligne à prendre des décisions difficiles quant à savoir qui recevrait et qui ne recevrait pas de soins [2] et le fait que, sans EPI adéquat, les professionnels de santé tomberaient malades, mettant en danger le fonctionnement de l’ensemble du système de santé, étaient de mise.",[]
"La tragédie en Italie, relayée au quotidien, renforçait la pensée commune au sein des soignants: le meilleur résultat de cette pandémie serait d’être accusé d’avoir été trop préparé [3].",[]
"Alors la résilience, la polyvalence, l’inventivité dans les parcours patients ont été la règle.",[]
"L’organisation de l’accueil des patients, les précautions d’hygiène, les procédures d’intubation, de prise en charge en réanimation ou au bloc opératoire ont dû être adaptées.",[]
"Le redéploiement des expertises a pu s’appuyer sur des médecins anesthésistes-réanimateurs et intensivistes-réanimateurs, des internes DESAR, des infirmier(e)s diplômé(e)s d’état, infirmier(e)s anesthésistes et aides-soignants.","[{'beg': 146, 'end': 178, 'text': 'infirmier(e)s diplômé(e)s d’état', 'metadata': {'category': ['fle']}}, {'beg': 180, 'end': 207, 'text': 'infirmier(e)s anesthésistes', 'metadata': {'category': ['fle']}}]"
"Les infirmier(e)s de bloc opératoire, des soins intensifs de spécialité, de réanimation pédiatrique, les sages-femmes et les infirmier(e)s des services d’hospitalisation comme les médecins des autres spécialités ont également été mobilisés.","[{'beg': 4, 'end': 17, 'text': 'infirmier(e)s', 'metadata': {'category': ['fle']}}, {'beg': 125, 'end': 138, 'text': 'infirmier(e)s', 'metadata': {'category': ['fle']}}]"
"Les transferts de patients graves de réanimation des régions les plus touchées vers des régions plus préservées étaient envisagés et réalisés, tout comme la création d’un hôpital de campagne à Mulhouse.",[]
"Une approche pragmatique, efficace et rapide devait être employée pour la formation de tous ces personnels de santé et pour leur protection face au risque de contamination.",[]
"La SFAR a développé des tutoriels en grand nombre, des veilles bibliographiques, des émissions d’information, des recommandations multiples et un système d’aide et de conseil en quasi-temps réel par l’intermédiaire d’un groupe d’experts répondant au plus vite aux questionnements de nos confrères sur une plateforme dédiée (AVIREA), diffusée via toutes les plateformes.",[]
"Les médecins ont vu le débat concernant les études aux effectifs réduits, ou aux méthodologies discutables, mis sur la place publique [4], [5].",[]
"Les autorités de santé préconisaient, sur un mode compassionnel, l’utilisation de lopinavir/ritonavir ou d’hydroxychloroquine.",[]
"Cependant, un écart criant voyait le jour, celui de l’adéquation entre les impératifs méthodologiques et temporels de la recherche et la nécessité immédiate d’un traitement, d’autant que le grand public avait été confronté aux enjeux de la recherche clinique, de sa méthodologie et de ses problèmes éthiques.",[]
"Pour autant, les soignants ont continué.",[]
La France est passée de 5 000 lits de réanimation à 14 000 lits au plus haut.,[]
Un tour de force jamais imaginé et pourtant réussi.,[]
"Alors il faut espérer que devant tant d’efforts déployés, devant tant de force collective, devant la démonstration d’une mobilisation inédite applaudie tous les soirs à 20 h aux balcons d’une France confinée mais qui connaît maintenant la force et les peurs de ses soignants, nous allons réellement connaître l’impact de cette crise sans précédent sur les chiffres de mortalité qui je l’espère, ne seront pas dissimulés [6], [7], sur un système de santé auparavant attaqué à l’aune de la rentabilité et des logiques économiques, et sur la reconnaissance de ces héros ou forçats du quotidien qui ont su relever le défi.",[]
La pandémie de la COVID-19 a mis les établissements hospitaliers sous tension.,[]
L’objectif de cette étude nationale est de déterminer la prévalence des troubles psychologiques dans le personnel soignant infirmier de réanimation.,"[{'beg': 104, 'end': 147, 'text': 'personnel soignant infirmier de réanimation', 'metadata': {'category': ['epi']}}]"
Nous avons élaboré un questionnaire électronique diffusé par mail entre le 17 juin et le 17 juillet 2020.,[]
"Trois cent quatre vingt un professionnels exerçants en réanimation au moment de la pandémie (infirmiers de réanimation, infirmiers anesthésistes, infirmiers de bloc opératoire et cadres de santé) y ont répondu.",[]
"L’Hospital Anxiety and Depression Scale et l’Impact Event Scale Revisited ont été utilisées pour évaluer la prévalence de l’anxiété, de la dépression et du stress post-traumatique dans cette population.",[]
"Les Infirmièr(e)s de bloc opératoire exerçant en réanimation sont celles qui ont le plus souffert de troubles psychologiques : trouble anxieux (64 %) (p = 0,055), trouble dépressif (45 %) (p = 0,004) et stress post-traumatique (45 %) (p = 0,008).","[{'beg': 4, 'end': 17, 'text': 'Infirmièr(e)s', 'metadata': {'category': ['fle']}}]"
"Les infirmier(e)s travaillant habituellement en réanimation étaient les moins touchés : trouble anxieux (30 %), trouble dépressif (11 %) et stress post-traumatique (20 %).","[{'beg': 4, 'end': 17, 'text': 'infirmier(e)s', 'metadata': {'category': ['fle']}}]"
"Les facteurs de risque de développer un trouble psychologique étaient le faible niveau de formation en réanimation, le fait d’exercer en réanimation contre son gré et d’avoir des antécédents de burn out.",[]
Cette étude permet d’établir un profil de professionnel à risque de développer des troubles psychologiques dans le contexte actuel.,[]
Les solutions envisageables sont de former le personnel et de proposer une prise en charge psychologique accessible et individualisée.,[]
" Cryos International Sperm and Egg Bank, la banque de sperme et d’ovocytes leader aux États-Unis, a publié, début mars, les résultats d’une étude d’une durée de sept mois, ayant pour objectif de vérifier si le virus Sars-CoV-2 est détectable dans le sperme humain.",[]
"Cet organisme rappelle que sa mission est aussi de fournir des informations aux patient(e)s nécessitant des traitements de fertilité, de préférence les informations les plus récentes, la Covid-19 notamment.","[{'beg': 80, 'end': 91, 'text': 'patient(e)s', 'metadata': {'category': ['fle']}}]"
Il s’agissait de savoir si des patients Covid positifs excrétaient du virus dans leur sperme.,[]
"A priori, les résultats sont rassurants, ont conclu les auteurs.",[]
L'étude a été publiée dans le Journal of Assisted Reproduction and Genetics [1].,[]
"Les sujets étaient 18 hommes (âge moyen 32 ans, 24 à 57 ans) testés Covid positifs dans les trente jours suivant le recueil de leur éjaculat.",[]
La majorité des participants ont fourni des échantillons dans les six jours suivant leur test positif.,[]
Des tests PCR ont été effectués sur tous les éjaculats.,[]
Le contexte actuel de pandémie conduit à s’interroger sur les conséquences de la COVID-19 en Assistance médicale à la procréation (AMP).,[]
"En effet, suite aux premières recommandations de l’Agence de la biomédecine en mars 2020, les centres d’AMP ont suspendu leurs activités.",[]
"La reprise progressive des tentatives en mai 2020 s’est accompagnée de nombreux questionnements, concernant les effets directs et indirects du SARS-CoV-2 sur la qualité des gamètes, la gamétogenèse, la fertilité, la grossesse et la santé néonatale.",[]
"L’objectif de cette revue de la littérature est de synthétiser les données disponibles, pour informer les patient(e)s pris(es) en charge et adapter les pratiques d’AMP en cette période de la COVID-19.","[{'beg': 106, 'end': 126, 'text': 'patient(e)s pris(es)', 'metadata': {'category': ['fle']}}]"
"La plupart des études récentes se basent sur l’évaluation des effets du syndrome infectieux, sur l’analyse des facteurs hormonaux, et sur l’expression des protéines d’entrée virale (ACE2 et TMPRSS2) au niveau des cellules impliquées dans la gamétogenèse pour évaluer les répercussions de la COVID-19.",[]
"La transmission materno-fœtale du SARS-CoV-2 n’a pas pu être démontrée à ce jour, mais l’infection néonatale reste possible.",[]
"Néanmoins, les hommes seraient plus à risque d’être infectés par le SARS-CoV-2, d’être symptomatiques et la spermatogenèse est vraisemblablement affectée.",[]
"La présence du virus dans le sperme est un évènement rare, mais l’ensemble de ces paramètres sont à prendre en compte dans la prise en charge des couples en AMP.",[]
"Cependant, aucune conséquence sur la qualité des gamètes féminins n’a été mise en évidence jusqu’à présent.",[]
"Objectifs

Les mesures sanitaires prises pour faire face à la pandémie de COVID-19 ont donné lieu à un confinement strict de la population dont les effets délétères ont été étudiés notamment sur le plan de la santé mentale.",[]
Notre étude a pour objectif d’explorer les facteurs associés à l’intimité et au vécu des couples au cours de cette période.,[]
"Méthodologie

Au cours du mois d’avril 2020, soit lors du premier confinement, nous avons diffusé un questionnaire en ligne.",[]
"Au total, 1985 adultes (80,3 % de femmes ; M = 34,27, ET = 14,96) ont participé à l’étude.",[]
"Plusieurs échelles validées ont permis d’évaluer le contexte de vie, la santé mentale, la consommation de substances (alcool et cannabis), l’intolérance à l’incertitude et l’intimité dans le couple.",[]
Des questions ouvertes invitaient les participant.e.s à décrire leur vécu au sein de leur couple.,"[{'beg': 38, 'end': 53, 'text': 'participant.e.s', 'metadata': {'category': ['fle']}}]"
"Résultats

Au niveau statistique, nos résultats indiquent que les couples qui vivaient dans des foyers séparés pendant le confinement (n = 453 ou 22,8 % de notre échantillon) étaient plus déprimés, plus anxieux et plus intolérants à l’incertitude.",[]
"À travers une analyse thématique, nous avons constaté que les couples confinés ensemble étaient plus susceptibles de signaler une amélioration de la qualité de leur vie émotionnelle et sexuelle que les couples séparés par le confinement.",[]
"Toutefois, la restriction de l’espace disponible, la réorganisation du travail et des loisirs et les relations avec les enfants sont apparus comme des facteurs de stress potentiels.",[]
"Conclusion

Le ou la partenaire intime peut constituer une forme de soutien face au stress durant le confinement et un support de résilience en situation de crise pandémique.","[{'beg': 12, 'end': 20, 'text': 'Le ou la', 'metadata': {'category': ['coo']}}, {'beg': 21, 'end': 31, 'text': 'partenaire', 'metadata': {'category': ['epi']}}]"
"Martiniquaises, Martiniquais, me voici donc à la Martinique où personne n'est jamais venu sans aimer à la fois cette terre et ce peuple.","[{'beg': 0, 'end': 28, 'text': 'Martiniquaises, Martiniquais', 'metadata': {'category': ['coo']}}]"
Voici donc les Martiniquaises et les Martiniquais rassemblés pour accueillir le President de la République qu'ils ont élu eux-mêmes démocratiquement.,"[{'beg': 11, 'end': 49, 'text': 'les Martiniquaises et les Martiniquais', 'metadata': {'category': ['coo']}}]"
https://www.vie-publique.fr/discours/262820-allocution-de-m-valery-giscard-destaing-place-de-la-savane-fort-de-f,[]
"Mes chers amis, celles et ceux qui sont à l'intérieur, celles et ceux qui sont au dehors, car je m'excuse auprès d'eux, le chapiteau était trop petit, mais j'espère que la sonorisation leur permet de nous entendre... mes chers amis, j'étais à Lille il y a quinze jours et j'avais dit que j'essaierais de revenir dans le Pas-de-Calais.","[{'beg': 16, 'end': 30, 'text': 'celles et ceux', 'metadata': {'category': ['coo']}}, {'beg': 55, 'end': 69, 'text': 'celles et ceux', 'metadata': {'category': ['coo']}}]"
Les Françaises et les Français m'ont placé en tête de dix candidats.,"[{'beg': 0, 'end': 30, 'text': 'Les Françaises et les Français', 'metadata': {'category': ['coo']}}]"
"C'est pourquoi notre société doit être capable - et j'en prends l'engagement - d'offrir à toutes les jeunes Françaises et à tous les jeunes Français, soit un poste de travail, soit un poste de formation...

Mais regardez quelques réalités simples : d'abord, la consommation, nous venons de dépasser, cela a paru dans les journaux, mais c'était un entrefilet à peine lisible, le niveau de consommation individuelle des Américaines et des Américains : la consommatrice française, le consommateur français consomment un peu plus que l'Américaine ou l'Américain.","[{'beg': 88, 'end': 148, 'text': 'à toutes les jeunes Françaises et à tous les jeunes Français', 'metadata': {'category': ['coo']}}, {'beg': 414, 'end': 447, 'text': 'des Américaines et des Américains', 'metadata': {'category': ['coo']}}, {'beg': 530, 'end': 557, 'text': ""l'Américaine ou l'Américain"", 'metadata': {'category': ['coo']}}, {'beg': 450, 'end': 502, 'text': 'la consommatrice française, le consommateur français', 'metadata': {'category': ['coo']}}]"
"Vous avez vu arriver, les plus anciens d'entre vous comme moi-même, les armées de Libération en 1944-45, on avait l'impression d'un pays très puissant, très riche que nous ne rattraperions jamais, eh bien, à l'heure actuelle la consommation individuelle des Françaises et des Français vient de dépasser celle des Américaines et des Américains !","[{'beg': 254, 'end': 284, 'text': 'des Françaises et des Français', 'metadata': {'category': ['coo']}}, {'beg': 309, 'end': 342, 'text': 'des Américaines et des Américains', 'metadata': {'category': ['coo']}}]"
"Aux femmes et aux hommes du Bassin minier, parce que je les respecte, j'ai proposé une autre formule : rien que le possible, mais tout le possible.","[{'beg': 0, 'end': 24, 'text': 'Aux femmes et aux hommes', 'metadata': {'category': ['coo']}}]"
"Je suis sûr que les femmes et les hommes du Pas-de-Calais qui sont des hommes et des femmes raisonnables parce que formés par la tradition et le réalisme du travail, ne laisseront pas retomber le sort de la France.","[{'beg': 16, 'end': 40, 'text': 'les femmes et les hommes', 'metadata': {'category': ['coo']}}, {'beg': 67, 'end': 91, 'text': 'des hommes et des femmes', 'metadata': {'category': ['coo']}}]"
https://www.vie-publique.fr/discours/136564-discours-de-m-valery-giscard-destaing-president-de-la-republique-not,[]
"Tous ceux que je n'ai pu voir au-cours de cette brève visite, celles et ceux qui tiennent les stands, celles et ceux qui organisent les visites, celles et ceux qui ont conçu, organisé, ont droit à la reconnaissance du pays dans la mesure où ils nous fournissent et lui fournissent l'occasion de rassembler en quelques jours et dans un endroit bien circonscrit un ensemble de réalisations qui marquent la capacité de la France.","[{'beg': 62, 'end': 76, 'text': 'celles et ceux', 'metadata': {'category': ['coo']}}, {'beg': 102, 'end': 116, 'text': 'celles et ceux', 'metadata': {'category': ['coo']}}, {'beg': 145, 'end': 159, 'text': 'celles et ceux', 'metadata': {'category': ['coo']}}]"
https://www.vie-publique.fr/discours/134914-allocution-de-m-francois-mitterrand-president-de-la-republique-loc,[]
"Monsieur le Président, mesdames et messieurs les parlementaires, je ne pourrais terminer autrement qu'en vous disant ma joie de voir le Portugal, une de nos plus anciennes nations d'Europe, une de celles qui ont le plus contribué à porter au-delà des océans le génie de la culture, associé pleinement, avec détermination et ferveur à cette oeuvre qui, si elle aboutit où nous voulons la conduire, justifiera je crois notre existence et notre rôle aux yeux des générations futures : l'édification d'une Europe libre, espérons-le prospère, en tout cas solidaire, en tout cas pacifique.","[{'beg': 23, 'end': 44, 'text': 'mesdames et messieurs', 'metadata': {'category': ['coo']}}]"
"Je n'aurai garde, enfin, d'oublier que, dans la cohorte de femmes et des hommes, glorieux ou anonymes, qui font l'Europe au quotidien, il y a ces communautés qualifiées aujourd'hui d'émigrées et dont on dira demain qu'ils préfiguraient, par leur capacité à s'insérer dans un autre environnement, l'homme européen nouveau.","[{'beg': 56, 'end': 79, 'text': 'de femmes et des hommes', 'metadata': {'category': ['coo']}}]"
https://www.vie-publique.fr/discours/139776-discours-de-m-francois-mitterrand-president-de-la-republique-devant-l,[]
"Je remercie les enseignants, les professeurs, celles et ceux qui consacrent le meilleur de leur vie à la formation de la jeunesse de France.","[{'beg': 46, 'end': 60, 'text': 'celles et ceux', 'metadata': {'category': ['coo']}}]"
https://www.vie-publique.fr/discours/139391-mitterrand-23051987-place-la-revolution-francaise-de-1789-lormont,[]
"Je vous en remercie vivement et n'y ajouterai rien d'autre que ceci : il n'est pas un homme, pas une femme, pas un peuple opprimé sur la terre, qui n'espère et ne lutte autrement qu'en criant : vive la liberté !","[{'beg': 79, 'end': 106, 'text': 'pas un homme, pas une femme', 'metadata': {'category': ['coo']}}]"
https://www.vie-publique.fr/discours/138478-discours-de-m-francois-mitterrand-president-de-la-republique-sur-lun,[]
Merci à toutes et tous d'être nombreux aujourd'hui à Paris pour réaffirmer que le travail doit venir avant la Bourse.,"[{'beg': 6, 'end': 22, 'text': 'à toutes et tous', 'metadata': {'category': ['coo']}}]"
"Merci, bien entendu, aux militantes et militants Force Ouvrière, aux non-syndiqués et aux adhérents d'autres organisations qui, en étant présent aujourd'hui, montrent que leur objectif, c'est d'abord et avant tout la défense et la représentation, en toute indépendance, des intérêts des travailleurs actifs, chômeurs et retraités.","[{'beg': 21, 'end': 48, 'text': 'aux militantes et militants', 'metadata': {'category': ['coo']}}]"
"Si nombreuses et nombreux sont les salariés qui souhaitent s'arrêter, c'est à la fois qu'ils espèrent que leurs enfants trouveront plus facilement un travail mais aussi parce que, tant dans le public que dans le privé, les conditions de travail se détériorent, le stresse augmente, c'est-à-dire l'exploitation et l'aliénation.","[{'beg': 3, 'end': 25, 'text': 'nombreuses et nombreux', 'metadata': {'category': ['coo']}}]"
"Par définition, il sera toujours à côté de celles et ceux qui souffrent, de celles et ceux qui se font exploiter, et de celles et ceux qui veulent que ça change pour eux et leurs enfants.","[{'beg': 43, 'end': 57, 'text': 'celles et ceux', 'metadata': {'category': ['coo']}}, {'beg': 76, 'end': 90, 'text': 'celles et ceux', 'metadata': {'category': ['coo']}}, {'beg': 120, 'end': 134, 'text': 'celles et ceux', 'metadata': {'category': ['coo']}}]"
https://www.vie-publique.fr/discours/222087-marc-blondel-21111998-financement-du-regime-de-retraite-35-heures,[]
"Alors, au nom des Françaises et des Français, je voudrais vous exprimer de tout coeur mon estime, ma reconnaissance et mon admiration, celles que ressentent aujourd'hui tous les Français et tous les Européens pour le travail de celles et de ceux qui se sont associés à ce superbe résultat qu'il soit européen, français ou d'autres nationalités.","[{'beg': 14, 'end': 44, 'text': 'des Françaises et des Français', 'metadata': {'category': ['coo']}}, {'beg': 225, 'end': 245, 'text': 'de celles et de ceux', 'metadata': {'category': ['coo']}}]"
"Alors, à vous toutes et à vous tous, ouvriers et compagnons, ingénieurs et techniciens, personnels d'Airbus et de ses partenaires industriels, je voudrais vous exprimer cette intense reconnaissance qui naît dans notre coeur à tous.","[{'beg': 7, 'end': 35, 'text': 'à vous toutes et à vous tous', 'metadata': {'category': ['coo']}}]"
"Vous incarnez, en réalité, toutes et tous, l'Europe que nous souhaitons, c'est-à-dire l'Europe de l'union, l'Europe du progrès, l'Europe de l'ambition.","[{'beg': 27, 'end': 41, 'text': 'toutes et tous', 'metadata': {'category': ['coo']}}]"
https://www.vie-publique.fr/discours/147195-declaration-de-m-jacques-chirac-president-de-la-republique-sur-le-pre,[]
"À cet âge, tout vous étonne et vous paraît nouveau... Mais celles et ceux que vous avez croisés et qui avaient déjà vécu une part de leur vie, vous ne pouvez pas leur demander une mémoire aussi précise que la vôtre.","[{'beg': 59, 'end': 73, 'text': 'celles et ceux', 'metadata': {'category': ['coo']}}]"
Je lui avais demandé des nouvelles d'André Poutrel et du petit Peter.,[]
Le petit Peter.,[]
C'est ainsi qu'ils l'appelaient.,[]
"Margaret et moi, nous l'appelions Peter tout court.",[]
"Elle me donnera enfin toutes les explications depuis le début, depuis l'époque lointaine de « celles et ceux de la rue Bleue... ».","[{'beg': 94, 'end': 108, 'text': 'celles et ceux', 'metadata': {'category': ['coo']}}]"
"Mais impossible de se lever, il se sentait une lourdeur de plomb.",[]
Une dédicace était imprimée sur la page de garde : « Pour Maurice Braive et pour celles et ceux de la rue Bleue.,"[{'beg': 81, 'end': 95, 'text': 'celles et ceux', 'metadata': {'category': ['coo']}}]"
»,[]
"J'ai invité chaque citoyenne et chaque citoyen à proposer son Prodige de la République, une personne particulièrement investie au service de la collectivité et des autres.","[{'beg': 12, 'end': 46, 'text': 'chaque citoyenne et chaque citoyen', 'metadata': {'category': ['coo']}}]"
https://www.vie-publique.fr/discours/280955-marlene-schiappa-27052021-engagement-citoyen,[]
"Par ailleurs, nombreux sont nos lecteurs et lectrices à ne pas accrocher avec les aventuriers, cette saison.","[{'beg': 28, 'end': 53, 'text': 'nos lecteurs et lectrices', 'metadata': {'category': ['coo']}}]"
"Travailleuses, travailleurs, en avril 2020, pendant le premier confinement, Macron expliquait qu'il faudrait se rappeler que le pays avait tenu grâce à celles et ceux ""que nos économies reconnaissent et rémunèrent si mal"".","[{'beg': 0, 'end': 27, 'text': 'Travailleuses, travailleurs', 'metadata': {'category': ['coo']}}, {'beg': 150, 'end': 166, 'text': 'à celles et ceux', 'metadata': {'category': ['coo']}}]"
"Mais, pour des millions de femmes et d'hommes, ce sont de nouvelles privations insupportables.","[{'beg': 24, 'end': 45, 'text': ""de femmes et d'hommes"", 'metadata': {'category': ['coo']}}]"
"Le chômage de masse, qui écarte de toute activité des millions de femmes et d'hommes, est une aberration.","[{'beg': 63, 'end': 84, 'text': ""de femmes et d'hommes"", 'metadata': {'category': ['coo']}}]"
"Cette République qui donne sa chance à toutes et à tous, à moi, fille d'ouvriers espagnols arrivée à 2 ans en France parce que ma famille fuyait la dictature franquiste et la misère.","[{'beg': 37, 'end': 55, 'text': 'à toutes et à tous', 'metadata': {'category': ['coo']}}]"
"Madame, Monsieur, chers compatriotes,

L'écologie est l'engagement de ma vie.","[{'beg': 0, 'end': 16, 'text': 'Madame, Monsieur', 'metadata': {'category': ['coo']}}]"
Elle est aussi l'engagement de millions de Françaises et de Français.,"[{'beg': 40, 'end': 68, 'text': 'de Françaises et de Français', 'metadata': {'category': ['coo']}}]"
"Plan d'urgence pour l'hôpital public : embauche de 100 000 infirmiers et infirmières et revalorisation des salaires

Dans les années 1990, il part travailler au Burkina Fasso, pour soutenir les paysannes et paysans victimes des programmes du FMI, puis au Bengladesh pour aider, à travers des programmes de micro-crédit, les femmes victimes de la misère.","[{'beg': 59, 'end': 84, 'text': 'infirmiers et infirmières', 'metadata': {'category': ['coo']}}, {'beg': 190, 'end': 214, 'text': 'les paysannes et paysans', 'metadata': {'category': ['coo']}}]"
"Françaises, Français, nous vivons une crise démocratique.","[{'beg': 0, 'end': 20, 'text': 'Françaises, Français', 'metadata': {'category': ['coo']}}]"
""" Faire Erasmus "" est devenu comme un nouveau rite de passage, qui a déjà transformé les regards, les esprits, parfois les existences de 12 millions d'Européennes et Européens depuis sa création en 1987.","[{'beg': 151, 'end': 175, 'text': 'Européennes et Européens', 'metadata': {'category': ['coo']}}]"
"Chaque année, 100 000 Françaises et Français ont la chance de connaître cette formidable expérience de vie, riche de rencontres, de découvertes, d'apprentissages.","[{'beg': 22, 'end': 44, 'text': 'Françaises et Français', 'metadata': {'category': ['coo']}}]"
https://www.vie-publique.fr/discours/283446-emmanuel-macron-20012022-erasmus,[]
"Madame, Monsieur, Citoyenne, Citoyen, le système est à bout de souffle.","[{'beg': 0, 'end': 16, 'text': 'Madame, Monsieur', 'metadata': {'category': ['coo']}}, {'beg': 18, 'end': 36, 'text': 'Citoyenne, Citoyen', 'metadata': {'category': ['coo']}}]"
Je serai la Présidente de la réconciliation.,[]
Je respecterai chacune et chacun d'entre vous.,"[{'beg': 15, 'end': 32, 'text': 'chacune et chacun', 'metadata': {'category': ['coo']}}]"
Je serai Présidente pour tous les Français.,[]
"Je m'adresse à celles et ceux qui refusent que d'autres décident à leur place, qui veulent se faire entendre et prendre leurs affaires en main.","[{'beg': 13, 'end': 29, 'text': 'à celles et ceux', 'metadata': {'category': ['coo']}}]"
"Madame, Monsieur, cette élection est d'une extrême importance.","[{'beg': 0, 'end': 16, 'text': 'Madame, Monsieur', 'metadata': {'category': ['coo']}}]"
"Il y a pour cela tant de richesses disponibles, tant d'énergie, de solidarité, d'hommes et de femmes qui veulent travailler, être utiles et se mettre au service de l'intérêt général.","[{'beg': 79, 'end': 100, 'text': ""d'hommes et de femmes"", 'metadata': {'category': ['coo']}}]"
Revaloriser les retraites des veuves et veufs en augmentant la pension de réversion et en rétablissant la demi-part fiscale,"[{'beg': 26, 'end': 45, 'text': 'des veuves et veufs', 'metadata': {'category': ['coo']}}]"
"Par arrêté de la ministre de la défense en date du 26 septembre 2005, Mme Charlier (Dominique, Thérèse, Marthe), épouse Dagras, est nommée au grade de lieutenante-colonelle, en qualité d'officière recrutée au titre de l'article 29 du statut général des militaires, pour occuper un emploi de spécialiste des affaires politiques pour une durée de deux ans à compter du 1er octobre 2005.

https://www.legifrance.gouv.fr/jorf/article_jo/JORFARTI000001102974","[{'beg': 151, 'end': 172, 'text': 'lieutenante-colonelle', 'metadata': {'category': ['fem']}}, {'beg': 187, 'end': 196, 'text': 'officière', 'metadata': {'category': ['fem']}}]"
"Giorgia Marras, jeune autrice italienne

Giorgia Marras, illustratrice et auteure de bande dessinée, est née à Gênes en Italie, en 1988.

https://www.bd2020.culture.gouv.fr/media/BD-2020/cp-toute-la-france-dessine-giorgia-marras3","[{'beg': 22, 'end': 29, 'text': 'autrice', 'metadata': {'category': ['fem']}}, {'beg': 74, 'end': 81, 'text': 'auteure', 'metadata': {'category': ['fem']}}]"
"Mme la commissaire en cheffe de 1re classe du corps des commissaires des armées Catherine BOURDÈS, nommée officière générale adjointe au directeur de l'enseignement militaire supérieur à la même date.","[{'beg': 22, 'end': 28, 'text': 'cheffe', 'metadata': {'category': ['fem']}}, {'beg': 106, 'end': 115, 'text': 'officière', 'metadata': {'category': ['fem']}}]"
https://www.legifrance.gouv.fr/jorf/article_jo/JORFARTI000043970992,[]
"Difficile, en effet, de marcher sur Rachel Kéké, leadeuse de la plus longue grève de l'histoire de l'hôtellerie.","[{'beg': 49, 'end': 57, 'text': 'leadeuse', 'metadata': {'category': ['fem']}}]"
"Vingt-deux mois de mobilisation, au terme desquels elle a obtenu, avec ses sœurs de lutte de l'Ibis Batignolles, à Paris, une revalorisation salariale, entre autres.","[{'beg': 75, 'end': 89, 'text': 'sœurs de lutte', 'metadata': {'category': ['fem']}}]"
"Nous voulons élargir à toute la société les possibilités d'accès aux formes les plus élaborées du savoir scientifique et permettre à tout(e) étudiant(e) d'aller au bout de ses possibilités, avec le souci permanent de la validation des parcours et des acquis.","[{'beg': 133, 'end': 152, 'text': 'tout(e) étudiant(e)', 'metadata': {'category': ['fle']}}]"
https://www.vie-publique.fr/discours/184667-programme-de-m-jean-luc-melenchon-candidat-du-front-de-gauche-lelec,[]
"Les transexuel/es doivent pouvoir changer d'état-civil et/ou de numéro de Sécu, sans passer par un parcours psychiatrique, par une opération chirurgicale ou une stérilisation et les intersexué/es ne doivent pas être mutilé/es à la naissance pour les faire correspondre à un sexe ou un autre.","[{'beg': 4, 'end': 17, 'text': 'transexuel/es', 'metadata': {'category': ['fle']}}, {'beg': 182, 'end': 195, 'text': 'intersexué/es', 'metadata': {'category': ['fle']}}, {'beg': 216, 'end': 225, 'text': 'mutilé/es', 'metadata': {'category': ['fle']}}]"
"La prostitution touche des dizaines de milliers de personnes, dont plus de 20 000 étudiant/es.","[{'beg': 82, 'end': 93, 'text': 'étudiant/es', 'metadata': {'category': ['fle']}}]"
https://www.vie-publique.fr/discours/184866-programme-electoral-de-m-philippe-poutou-candidat-lelection-preside,[]
"Il est intéressant d’effectuer une étude systématique sur un ensemble d’individus pour en tirer des conclusions, mais un•e lecteur•ice avisé-e notera que ces phénomènes globaux ne relatent en rien des cas particuliers connus où la différence homme/femme est bien moindre.","[{'beg': 118, 'end': 142, 'text': 'un•e lecteur•ice avisé-e', 'metadata': {'category': ['fle']}}]"
https://www.diplomatie.gouv.fr/fr/politique-etrangere-de-la-france/diplomatie-scientifique-et-universitaire/veille-scientifique-et-technologique/israel/article/differences-genetiques-entre-hommes-et-femmes,[]
Une trace est la succession des inscriptions d'un·e étudiant·e à l'université en partant de son Bac jusqu'à sa dernière inscription.,"[{'beg': 47, 'end': 62, 'text': 'un·e étudiant·e', 'metadata': {'category': ['fle']}}]"
Une étape (de diplôme) est ce à quoi l'étudiant·e s'inscrit.,"[{'beg': 39, 'end': 49, 'text': 'étudiant·e', 'metadata': {'category': ['fle']}}]"
"Dans la version publique, présentée ici on masque l'effectif des cohortes de moins de 10 étudiant·e·s.","[{'beg': 89, 'end': 101, 'text': 'étudiant·e·s', 'metadata': {'category': ['fle']}}]"
https://www.data.gouv.fr/fr/reuses/visualisations-des-traces-des-etudiant-e-s-de-up13/,[]
"L’unité légale Association des ancien-ne-s etudiant-e-s vice-president-e-s d'universite est une Association déclarée créée le 18 juillet 2021, dont le siège est domicilié au 18 rue olier, 75015 Paris 15.

https://annuaire-entreprises.data.gouv.fr/entreprise/association-des-ancien-ne-s-etudiant-e-s-vice-president-e-s-d-universite-902211812","[{'beg': 31, 'end': 74, 'text': 'ancien-ne-s etudiant-e-s vice-president-e-s', 'metadata': {'category': ['fle']}}]"
Recruter 100 000 infirmier·e·s et aides-soignant·e·s sur la durée de mon mandat.,"[{'beg': 17, 'end': 30, 'text': 'infirmier·e·s', 'metadata': {'category': ['fle']}}, {'beg': 34, 'end': 52, 'text': 'aides-soignant·e·s', 'metadata': {'category': ['fle']}}]"
"Il s'agit de donner les moyens à chacun·e de satisfaire ses besoins mais aussi de s'émanciper dans une société plus démocratique, où la solidarité prendra le pas sur les égoïsmes.","[{'beg': 33, 'end': 41, 'text': 'chacun·e', 'metadata': {'category': ['fle']}}]"
"Fin de l'élevage industriel, maltraitant pour les animaux et les salarié·e·s.","[{'beg': 65, 'end': 76, 'text': 'salarié·e·s', 'metadata': {'category': ['fle']}}]"
"Objectif 100% bio, développement des circuits courts.",[]
Moratoire sur les dettes des agriculteurs·trices.,"[{'beg': 29, 'end': 48, 'text': 'agriculteurs·trices', 'metadata': {'category': ['fle']}}]"
Fonds public pour l'achat de foncier afin d'installer de jeunes agriculteurs·trices en coopérative.,"[{'beg': 64, 'end': 83, 'text': 'agriculteurs·trices', 'metadata': {'category': ['fle']}}]"
Indemnités d'élu·e plafonnées au salaire médian.,"[{'beg': 13, 'end': 18, 'text': 'élu·e', 'metadata': {'category': ['fle']}}]"
Révocabilité des élu·e·s.,"[{'beg': 17, 'end': 24, 'text': 'élu·e·s', 'metadata': {'category': ['fle']}}]"
"Nous voulons une société solidaire et sans frontière, qui accueille tou·te·s les migrant·e·s

Droit de vote pour les étranger·e·s résidant en France","[{'beg': 68, 'end': 92, 'text': 'tou·te·s les migrant·e·s', 'metadata': {'category': ['fle']}}, {'beg': 117, 'end': 129, 'text': 'étranger·e·s', 'metadata': {'category': ['fle']}}]"
Doublement du nombre de médecins et infirmières scolaires.,[]
"Veiller sur nos aînés en EHPAD avec 5 aides-soignants et une infirmière de nuit en plus par établissement, soit la création de 40 000 emplois.",[]
"Dans le cadre de la mobilisation de l’État contre les violences faites aux femmes, et en particulier
en faveur de l'accompagnement des personnes prostituées, Sophie Brocas, préfète, secrétaire
générale de la préfecture d'Île-de-France, préfecture de Paris, se rend à l'Amicale du Nid à Paris,
pour échanger avec les travailleurs sociaux et des personnes accompagnées par l'association.",[]
"Un
point presse sera organisé à l'issue de la rencontre, à 13h30.",[]
"Avec huit établissements (Marseille, Montpellier, Toulouse, Lyon, Grenoble, Paris, Épinay et
Colombes) et 200 salarié-es (travailleur-euse-s sociaux-ales, psychologues, sociologues,
administratif-ve-s et comptables), l’Amicale du Nid rencontre plus de 5 000 personnes
prostituées ou en risque de prostitution chaque année, en accueille et accompagne près de
4 700, en héberge plus de 400 et construit une expertise et des savoirs sur le phénomène
prostitutionnel qu’elle théorise et qu’elle transmet pour la prévention des jeunes et la formation
des acteur-ice-s politiques et sociaux-ales (formateur-ice-s, éducateur-ice-s, enseignant-e-s,
travailleur-euse-s sociaux-ales, policier-e-s et personnels de justice...).","[{'beg': 110, 'end': 120, 'text': 'salarié-es', 'metadata': {'category': ['fle']}}, {'beg': 122, 'end': 153, 'text': 'travailleur-euse-s sociaux-ales', 'metadata': {'category': ['fle']}}, {'beg': 182, 'end': 200, 'text': 'administratif-ve-s', 'metadata': {'category': ['fle']}}, {'beg': 550, 'end': 589, 'text': 'acteur-ice-s politiques et sociaux-ales', 'metadata': {'category': ['fle']}}, {'beg': 591, 'end': 606, 'text': 'formateur-ice-s', 'metadata': {'category': ['fle']}}, {'beg': 608, 'end': 623, 'text': 'éducateur-ice-s', 'metadata': {'category': ['fle']}}, {'beg': 625, 'end': 639, 'text': 'enseignant-e-s', 'metadata': {'category': ['fle']}}, {'beg': 641, 'end': 672, 'text': 'travailleur-euse-s sociaux-ales', 'metadata': {'category': ['fle']}}, {'beg': 674, 'end': 686, 'text': 'policier-e-s', 'metadata': {'category': ['fle']}}]"
https://www.prefectures-regions.gouv.fr/content/download/27748/190714/file/23-11-2016%20-%20Lutte%20contre%20les%20violences%20faites%20aux%20femmes%20-%2024-11-2016.pdf,[]
"Demain, al fera beau sur toute la France avec des températures de saison","[{'beg': 8, 'end': 10, 'text': 'al', 'metadata': {'category': ['neu']}}]"
Les premiers romans des écrivans sont rarement appréciæs des critiques,"[{'beg': 24, 'end': 32, 'text': 'écrivans', 'metadata': {'category': ['neu']}}, {'beg': 47, 'end': 56, 'text': 'appréciæs', 'metadata': {'category': ['neu']}}]"
Touz les députæs et sénataires ont abouti à un accord de principe sur le pass vaccinal,"[{'beg': 0, 'end': 4, 'text': 'Touz', 'metadata': {'category': ['neu']}}, {'beg': 9, 'end': 16, 'text': 'députæs', 'metadata': {'category': ['neu']}}, {'beg': 20, 'end': 30, 'text': 'sénataires', 'metadata': {'category': ['neu']}}]"
"Madame, Monsieur,

L'INSEE procède chaque année au recensement d'un échantillon de 8% de la population parisienne.","[{'beg': 0, 'end': 16, 'text': 'Madame, Monsieur', 'metadata': {'category': ['coo']}}]"
"Cette année, l'INSEE a sélectionné votre adresse par tirage au sort.",[]
"Vous-même et les personnes vivants à votre domicile, ainsi que tous les occupants de votre immeuble, feront l'objet d'un recensement en 2023.",[]
"Entre le 19 janvier et le 25 février 2023, vous recevrez la visite d'un.e agent.e recenseur.euse recruté.e par la mairie de votre arrondissement et muni.e, à cet effet, d'une carte officielle.","[{'beg': 69, 'end': 106, 'text': 'un.e agent.e recenseur.euse recruté.e', 'metadata': {'category': ['fle']}}, {'beg': 148, 'end': 154, 'text': 'muni.e', 'metadata': {'category': ['fle']}}]"
Je vous remercie de lui réserver le meilleur accueil.,[]
"Lorsque l'agent.e recenseur.euse se présentera à votre domicile, il.elle vous proposera de répondre par voie électronique.","[{'beg': 10, 'end': 32, 'text': 'agent.e recenseur.euse', 'metadata': {'category': ['fle']}}, {'beg': 65, 'end': 72, 'text': 'il.elle', 'metadata': {'category': ['fle']}}]"
"Si vous choisissez de remplir les questionnaires en ligne, l'agent.e vous remettra une notice dans laquelle figurent l'adresse du site, un identifiant et un mot de passe personnels.","[{'beg': 61, 'end': 68, 'text': 'agent.e', 'metadata': {'category': ['fle']}}]"
N'hésitez pas à utiliser cette possibilité qui est simple et rapide.,[]
La procédure est entièrement sécurisée et garantit la totale confidentialité des informations recueillies.,[]
"Si vous préférez la méthode traditionnelle, l'agent.e vous remettra les questionnaires et vous apportera au besoin toute l'aide nécessaire pour les compléter.","[{'beg': 46, 'end': 53, 'text': 'agent.e', 'metadata': {'category': ['fle']}}]"
"Lors d'une seconde visite, fixée d'un commun accord, cet.te agent.e viendra les reprendre.","[{'beg': 53, 'end': 67, 'text': 'cet.te agent.e', 'metadata': {'category': ['fle']}}]"
Il.elle est tenu.e au secret professionnel le plus rigoureux.,"[{'beg': 0, 'end': 18, 'text': 'Il.elle est tenu.e', 'metadata': {'category': ['fle']}}]"
Votre anonymat sera totalement préservé.,[]
Les informations recueillies sont confidentielles et uniquement destinées à l'INSEE à des fins statistiques.,[]
"Je vous remercie de votre participation à cette importante opération annuelle pour notre pays et notre ville et vous prie de croire, Madame, Monsieur, à l'assurance de mes sentiments les meilleurs.","[{'beg': 133, 'end': 149, 'text': 'Madame, Monsieur', 'metadata': {'category': ['coo']}}]"
"La Secrétaire Générale


NB :
- Le recensement est gratuit.",[]
Ne répondez pas aux sites ou aux personnes qui vous réclameraient de l'argent.,[]
- N'hésitez pas à prendre contact avec votre mairie d'arrondissement si vous ne pouvez pas recevoir l'agent.e recenseur.euse.,"[{'beg': 102, 'end': 124, 'text': 'agent.e recenseur.euse', 'metadata': {'category': ['fle']}}]"
"Les questionnaires peuvent y être retirés directement et une fois remplis, y être déposés par vos soins ou envoyés par la Poste au moyen d'une enveloppe dispensée d'affranchissement qui vous sera remise, sur demande.",[]
"Si le 15 février, vous n'avez pas reçu les imprimés, ni la visite d'un.e agent.e recenseur.euse, prenez contact avec la mairie de votre arrondissement.","[{'beg': 68, 'end': 95, 'text': 'un.e agent.e recenseur.euse', 'metadata': {'category': ['fle']}}]"
"A partir de cette date, vous pouvez, si vous le souhaitez, vous faire recenser directement auprès de votre mairie d'arrondissement où des imprimés seront tenus à votre disposition.",[]
"La pandémie de COVID-19 met notre système de santé sous une pression exceptionnelle, au vu du nombre de patient·e·s atteint·e·s.","[{'beg': 104, 'end': 127, 'text': 'patient·e·s atteint·e·s', 'metadata': {'category': ['fle']}}]"
"Dans un contexte de ressources humaines médico-soignantes limitées, les étudiant·e·s en médecine avancé·e·s dans leur cursus représentent un renfort très précieux, rapidement mobilisable auprès des patient·e·s.","[{'beg': 198, 'end': 209, 'text': 'patient·e·s', 'metadata': {'category': ['fle']}}, {'beg': 72, 'end': 84, 'text': 'étudiant·e·s', 'metadata': {'category': ['fle']}}, {'beg': 97, 'end': 107, 'text': 'avancé·e·s', 'metadata': {'category': ['fle']}}]"
"C’est la démarche suivie en Suisse et ailleurs dans le monde par diverses structures ambulatoires ou services hospitaliers, dont le Service de médecine interne du Centre hospitalier universitaire vaudois (CHUV).",[]
"Dans cet article, nous donnons tout d’abord la parole aux étudiant·e·s qui ont répondu à notre appel.","[{'beg': 58, 'end': 70, 'text': 'étudiant·e·s', 'metadata': {'category': ['fle']}}]"
Nous terminons par des considérations importantes quant à l’accueil et l’accompagnement de ces étudiant·e·s.,"[{'beg': 95, 'end': 107, 'text': 'étudiant·e·s', 'metadata': {'category': ['fle']}}]"
Il est rappelé que l’engagement d’étudiant·e·s auprès de patient·e·s souffrant de COVID-19 devrait se faire sur une base volontaire uniquement.,"[{'beg': 57, 'end': 68, 'text': 'patient·e·s', 'metadata': {'category': ['fle']}}, {'beg': 34, 'end': 46, 'text': 'étudiant·e·s', 'metadata': {'category': ['fle']}}]"
"La médecine des addictions est liée aux enjeux sociétaux actuels, et l’environnement joue un rôle important sur les comportements addictifs et comment ils sont vécus.",[]
"La pandémie de Covid-19 a eu un impact sur les comportements addictifs, dont certains pourraient être positifs et d’autres mettent en lumière des vulnérabilités à prendre en compte en clinique.",[]
Les récents changements législatifs ouvrent des possibilités pour limiter l’impact négatif des loteries électroniques.,[]
"Dans le contexte favorable à une meilleure acceptation des personnes issues de la diversité LGBTQIA+ (lesbienne, gay, bisexuel·le, transgenre, queer, intersexe et asexuel·le ou aromantique), la recherche et la formation en médecine des addictions ont aussi un rôle à jouer.","[{'beg': 118, 'end': 129, 'text': 'bisexuel·le', 'metadata': {'category': ['fle']}}, {'beg': 163, 'end': 173, 'text': 'asexuel·le', 'metadata': {'category': ['fle']}}, {'beg': 59, 'end': 68, 'text': 'personnes', 'metadata': {'category': ['epi']}}]"
"Au vu des avancées dans la connaissance des effets nocifs de l’alcool, il est nécessaire d’adapter la perception du risque, afin de ne pas susciter l’incompréhension de la population.",[]
"La diabétologie est une discipline qui évolue rapidement, de nombreuses molécules apparaissent sur le marché et les recommandations de traitement changent.",[]
Il est donc souvent difficile pour le médecin de premier recours d’être à jour.,[]
"Après les mesures du style de vie qu’il faut bien sûr privilégier avant toute approche médicamenteuse, la metformine reste le pilier pharmacologique du traitement.",[]
Les recommandations actuelles préconisent d’instaurer un inhibiteur du SGLT2 ou un agoniste du récepteur du GLP-1 après la metformine car ces molécules ont montré des effets bénéfiques cardiovasculaires et rénaux dans des études.,[]
"Le but de ce bref article est d’aider le médecin de premier recours à choisir le traitement pharmacologique le plus adapté à chaque patient·e, à la lumière des nouveautés 2021 dans le domaine du diabète.","[{'beg': 132, 'end': 141, 'text': 'patient·e', 'metadata': {'category': ['fle']}}]"
"Pour illustrer les nouveautés en médecine intégrative et complémentaire en 2021, les auteur·e·s présentent une sélection de six articles.","[{'beg': 85, 'end': 95, 'text': 'auteur·e·s', 'metadata': {'category': ['fle']}}]"
L’un s’intéresse plus spécifiquement au Covid-19.,[]
Les autres touchent des thématiques qui restent toujours d’actualité et où des approches complémentaires peuvent représenter une réelle plus-value.,[]
"Deux articles ont pour thème les lombalgies, problématique courante en médecine de premier recours.",[]
"Les autres examinent l’acupuncture dans le contexte oncologique, l’utilisation de suggestions thérapeutiques dans un contexte opératoire, et le Tai Chi.",[]
"Les auteur·e·s donnent ainsi un aperçu de l’éventail d’approches thérapeutiques complémentaires possibles et de plus en plus soutenues par la science, invitant à les intégrer de mieux en mieux dans la pratique clinique.","[{'beg': 4, 'end': 14, 'text': 'auteur·e·s', 'metadata': {'category': ['fle']}}]"
"Les tout premiers cas de sida ont été décrits il y a 40 ans, en juin 1981.",[]
"Aujourd’hui, on constate l’impact majeur de la pandémie de Covid-19 sur celle du VIH/sida.",[]
Les données tendent à montrer que la fréquence des formes graves de Covid-19 est augmentée chez les personnes vivant avec le VIH.,[]
Nous faisons le point sur les connaissances actuelles concernant le Covid-19 et son impact sur la prise en charge des personnes vivant avec le VIH.,[]
Notre sélection d’articles parus en 2021 propose un éclairage sur des sujets en lien avec le risque chez nos patient·e·s et l’usage d’outils électroniques.,"[{'beg': 109, 'end': 120, 'text': 'patient·e·s', 'metadata': {'category': ['fle']}}]"
"Ils abordent le thème des cibles tensionnelles, du télémonitoring, et du régime riche en acides gras oméga 3 chez la personne âgée et/ou à haut risque cardiovasculaire.","[{'beg': 117, 'end': 125, 'text': 'personne', 'metadata': {'category': ['epi']}}]"
"Ils présentent le rôle des médecins de premier recours dans la prise en charge de patient·e·s avec une stéatopathie métabolique, et dans le dépistage des violences conjugales dans tous les couples.","[{'beg': 82, 'end': 93, 'text': 'patient·e·s', 'metadata': {'category': ['fle']}}]"
Ils évaluent les risques de récidive d’épisode dépressif à l’arrêt d’un traitement antidépresseur.,[]
"Enfin, ils discutent la place des applications pour la communication avec les patient·e·s allophones et du vapotage dans l’arrêt du tabac.","[{'beg': 78, 'end': 89, 'text': 'patient·e·s', 'metadata': {'category': ['fle']}}]"
L’année écoulée a été particulièrement riche dans le domaine de l’hypertension artérielle (HTA).,[]
"Notre revue annuelle couvre les dernières études épidémiologiques qui montrent que plus de 1,2 milliard de personnes sont atteintes d’HTA, que la moitié d’entre elles l’ignore et finalement qu’un quart des patient·e·s atteignent les cibles recommandées.","[{'beg': 206, 'end': 217, 'text': 'patient·e·s', 'metadata': {'category': ['fle']}}, {'beg': 107, 'end': 116, 'text': 'personnes', 'metadata': {'category': ['epi']}}]"
L’impact d’une mauvaise adhésion chez des jeunes patients hypertendus sur les événements cardiovasculaires ainsi que les effets d’un traitement intensif chez des patients de plus de 60 ans seront abordés.,[]
"Finalement, l’ajustement d’un traitement antihypertenseur chez des femmes enceintes avec antécédents de prééclampsie en fonction des paramètres hémodynamiques mesurés en cours de grossesse et les effets d’une supplémentation de potassium dans le sel de table sur les événements cardiovasculaires seront présentés.",[]
La formation dispensée par les psychiatres de liaison s’est considérablement développée ces dernières décennies.,[]
"Cet article présente le cas des formations à la communication en oncologie, en détaillant pourquoi et comment elles ont évolué d’un enseignement centré sur des compétences en communication (skills) à un travail sur la dimension relationnelle de la rencontre, l’étude des mouvements intrapsychiques et une attention portée au contexte.",[]
"Il décrit ensuite la supervision centrée sur la ou le clinicien·ne, utilisée aujourd’hui à titre exploratoire, en soulignant les opportunités et les précautions nécessaires à sa pratique.","[{'beg': 54, 'end': 66, 'text': 'clinicien·ne', 'metadata': {'category': ['fle']}}]"
Ces exemples montrent en quoi une psychiatrie de liaison qui porte aussi son attention sur le ou la clinicien·ne facilite et enrichit la rencontre clinique et améliore les soins.,"[{'beg': 100, 'end': 112, 'text': 'clinicien·ne', 'metadata': {'category': ['fle']}}]"
La psychiatrie de liaison comprend une activité de consultation auprès des patient·es en soins somatiques et une activité de liaison auprès des clinicien·nes.,"[{'beg': 75, 'end': 85, 'text': 'patient·es', 'metadata': {'category': ['fle']}}, {'beg': 144, 'end': 157, 'text': 'clinicien·nes', 'metadata': {'category': ['fle']}}]"
"La liaison psychiatrique peut prendre des formes diverses, tels l’enseignement de la relation soignant·e-soigné·e, des supervisions ou le soutien d’équipe.","[{'beg': 94, 'end': 104, 'text': 'soignant·e', 'metadata': {'category': ['fle']}}, {'beg': 105, 'end': 113, 'text': 'soigné·e', 'metadata': {'category': ['fle']}}]"
"Dans cet article, nous présentons 4 études menées dans notre service qui s’intéressent : a) aux liens entre la santé mentale des étudiant·es en médecine et leurs compétences interpersonnelles ; b) à leurs rêves et à ce qu’ils révèlent de leur subjectivité ; c) aux enjeux de l’appel aux spécialistes pour les médecins de premier recours et d) à la pratique clinique en situation.","[{'beg': 129, 'end': 140, 'text': 'étudiant·es', 'metadata': {'category': ['fle']}}]"
Ces études contribuent à nourrir le travail de liaison qui peut s’appuyer sur leurs résultats dans la formation et le soutien des soignant·es.,[]
La plupart des personnes infectées par le SARS-CoV-2 sont contagieuses même si elles présentent peu ou pas de symptômes.,"[{'beg': 15, 'end': 24, 'text': 'personnes', 'metadata': {'category': ['epi']}}]"
"Quelques individus, dits superpropagateurs, peuvent ainsi être à l’origine de clusters d’infections et de chaînes de transmission.","[{'beg': 9, 'end': 18, 'text': 'individus', 'metadata': {'category': ['epi']}}]"
L’isolement des nouveaux cas et la mise en quarantaine de leurs contacts ne permettent généralement pas de découvrir de telles situations.,[]
L’ajout d’enquêtes rétrospectives centrées sur la recherche de clusters peut accroître l’identification des personnes potentiellement infectées.,[]
"Nous décrivons les principes et les défis de l’investigation par cluster, les méthodes épidémiologiques et les outils informatiques que nous avons développés au Centre de traçage du canton de Vaud.",[]
La connaissance de cette méthode est utile en pratique clinique lors d’une pandémie.,[]
L’effet bénéfique des statines sur le risque de récidive de maladie cardiovasculaire (prévention secondaire) est bien démontré.,[]
"En prévention primaire (pas de maladie cardiovasculaire symptomatique), le bénéfice des statines après 70 ans est moins clair et les patients âgés avec des comorbidités ont souvent été exclus des grandes études randomisées.",[]
Des essais cliniques sont en cours et apporteront plus d’informations sur les potentiels effets bénéfiques et risques de débuter ou d’arrêter les statines chez les personnes âgées.,"[{'beg': 164, 'end': 179, 'text': 'personnes âgées', 'metadata': {'category': ['epi']}}]"
"Dans la pratique, en sus de l’âge, la décision de traiter par statine nécessite de prendre en compte les comorbidités, l’espérance de vie, l’état fonctionnel et cognitif et les souhaits du patient (décision partagée), mais un arrêt n’est recommandé que dans le cadre d’un essai clinique, comme revu dans cet article.",[]
"En juin 2021, le Parlement fédéral a accepté une proposition législative demandant l’instauration d’une taxe aux urgences pour lutter contre leur surfréquentation.",[]
"Bien que cette problématique demeure un enjeu majeur des politiques de santé, l’instauration d’une telle taxe pose de nombreuses questions, notamment d’équité en santé.",[]
"Pourtant, d’autres solutions existent, en améliorant la prise en charge des usager-ère-s fréquent-e-s des urgences, ainsi que la coordination entre soins primaires et services d’urgences.","[{'beg': 76, 'end': 101, 'text': 'usager-ère-s fréquent-e-s', 'metadata': {'category': ['fle']}}]"
La santé sexuelle fait partie intégrante des critères essentiels à la santé globale.,[]
"Chaque individu-e-x le souhaitant devrait avoir la possibilité d’expérimenter une vie sexuelle agréable, sécuritaire, sans coercition, discrimination ni violence.","[{'beg': 7, 'end': 19, 'text': 'individu-e-x', 'metadata': {'category': ['fle']}}]"
"Ces droits sexuels signifient non seulement pouvoir se protéger contre les infections sexuellement transmissibles et les grossesses non désirées le cas échéant, mais aussi se sentir bien dans sa sexualité.",[]
"Or, l’adolescence est marquée par l’explo­ration de la sexualité.",[]
"Cet article vise à donner aux profes­sionnel-le-x-s de la santé des outils et des pistes de réflexion afin de réaliser auprès des patient-e-x-s adolescent-e-x-s une anamnèse de la santé sexuelle inclusive, notamment par rapport aux questions de diversité sexuelle et de genre, pour améliorer l’accès optimal aux informations et aux soins en matière de santé sexuelle.","[{'beg': 130, 'end': 160, 'text': 'patient-e-x-s adolescent-e-x-s', 'metadata': {'category': ['fle']}}, {'beg': 30, 'end': 51, 'text': 'profes\xadsionnel-le-x-s', 'metadata': {}}]"
Une campagne de dépistage gratuit du pied diabétique a été organisée en Suisse romande pendant une semaine afin de sensibiliser les personnes diabétiques à l’importance de contrôles réguliers des pieds et d’améliorer l’accès aux soins pour tous.,"[{'beg': 132, 'end': 141, 'text': 'personnes', 'metadata': {'category': ['epi']}}]"
"Sur les 494 personnes dépistées, 46 % n’avaient pas eu de contrôle préalable des pieds – et même 63 % si l’on ne considère que les examens réalisés selon les standards recommandés.","[{'beg': 12, 'end': 21, 'text': 'personnes', 'metadata': {'category': ['epi']}}]"
"Les risques de complication peuvent apparaître dès les premières années suivant le diagnostic, soulignant l’importance d’un contrôle annuel systématique.",[]
"Les outils d’aide à la décision (AD) soutiennent les patient-e-s dans leurs choix médicaux en majorant leurs connaissances et en clarifiant leurs valeurs et préférences, ce qui leur permet de s’impliquer dans le processus décisionnel.","[{'beg': 53, 'end': 64, 'text': 'patient-e-s', 'metadata': {'category': ['fle']}}]"
"Les AD existent en tant que supports physiques (papier, DVD) ou informatiques.",[]
Ils peuvent être utilisés par les patient-e-s avant/après la consultation ou avec le-la professionnel-le de santé durant la consultation.,"[{'beg': 34, 'end': 45, 'text': 'patient-e-s', 'metadata': {'category': ['fle']}}, {'beg': 88, 'end': 104, 'text': 'professionnel-le', 'metadata': {'category': ['fle']}}, {'beg': 82, 'end': 87, 'text': 'le-la', 'metadata': {'category': ['coo']}}]"
Unisanté a créé un AD présentant les aides à l’arrêt du tabac durant la consultation.,[]
Une étude locale a montré que l’usage de celui-ci a été jugé simple et utile par les médecins.,[]
"L’utilisation d’AD dans les addictions à d’autres substances, renforcée par des entretiens de décision partagée, montre un effet favorable sur l’implication des patient-e-s et sur l’adhésion thérapeutique.","[{'beg': 161, 'end': 172, 'text': 'patient-e-s', 'metadata': {'category': ['fle']}}]"
Prescrire des médicaments contenant des substances soumises à contrôle (SSC : stupéfiants et substances psychotropes) peut avoir des conséquences en matière de circulation routière.,[]
"Nous présentons ici les devoirs du médecin et les risques encourus par la personne en traitement, avant de plaider pour une clarification s’agissant de médicaments pouvant influer sur la capacité ou l’aptitude à la conduite.","[{'beg': 74, 'end': 82, 'text': 'personne', 'metadata': {'category': ['epi']}}]"
"Aujourd’hui, notre environnement des soins en milieu psychiatrique nécessite de trouver des solutions aux enjeux de la pénurie d’infirmier-ère-s, des départs prématurés de la profession, de l’adaptation des compétences à la complexité des soins, de l’intégration des savoirs académiques et des remplacements des expert-e-s séniors.","[{'beg': 129, 'end': 144, 'text': 'infirmier-ère-s', 'metadata': {'category': ['fle']}}, {'beg': 312, 'end': 322, 'text': 'expert-e-s', 'metadata': {'category': ['fle']}}]"
"Les soins infirmiers constituent un pilier essentiel pour la prise en charge des patient-e-s en milieu psychiatrique, il est donc primordial d’offrir des conditions à ce personnel afin de garantir la qualité des soins, la relève soignante et une autonomie professionnelle pour la mise en place des bonnes pratiques.","[{'beg': 81, 'end': 92, 'text': 'patient-e-s', 'metadata': {'category': ['fle']}}, {'beg': 170, 'end': 179, 'text': 'personnel', 'metadata': {'category': ['epi']}}]"
"La création d’un certificat d’études avancées au sein de l’Université de Lausanne, qui propose une formation exigeante alternant présentiel et e-learning, est l’une des réponses apportées par les directions de soins de la Romandie.",[]
