iddoc,context,range,text,category,annotation
885_24,")
Certains en profite malgre jaillir ensuite voir les camarade.e.s sans avoir de intention,","{'beg': 54, 'end': 66}",camarade.e.s,UNKNOWN,True
887_26,"Fixez les sangles sur un support PVC standard, à l’aide d’un tournevis inox à bord droit, standard 6 X 120 mm, pour le modelage.","{'beg': 107, 'end': 109}",mm,UNKNOWN,False
887_32,"Au niveau de l’âme, inspectez le pipeline et réparez-le si nécessaire avec un maillet.
Comment poser des tuiles pour gazon : pose Recouvrez vos tuiles pour les rendre plus adaptées au sable.","{'beg': 45, 'end': 55}",réparez-le,UNKNOWN,False
887_43,"Placer les plaques, selon le patron, sur la largeur de 3â € 5 5 cm de dunes de sable / 0â € 5 mm mm mm mm mm mm mm mm mm mm mm mm mm mm mm mm mm mm revêtement revêtement revêtement vel vel vel vel Épais Épais Épais Épais Épais Épais Épais Épais Épais Épais Épais Épais Épais Épais Épais Épais Épais Épais Épais Épais Épais Épais Épais Épais Épais Épais Épais Épais Épais.","{'beg': 94, 'end': 147}",mm mm mm mm mm mm mm mm mm mm mm mm mm mm mm mm mm mm,UNKNOWN,False
888_28,"Si vous ne savez pas quelle catégorie choisir, envoyez-nous un e-mail à l'adresse website-content@tableau.com.
Contenu Web : À propos
Contenu Web : Communauté
Contenu Web : Ressources
Contenu Web : Produits
Contenu Web : Témoignages clients
Contenu Web : Assistance
Problèmes de connexion au site ?
Nous vous conseillons tout d'abord de réinitialiser le mot de passe de votre compte tableau.com.","{'beg': 54, 'end': 69}",-nous un e-mail,UNKNOWN,False
888_35,"Si vous pensez que tel est le cas, envoyez-nous un e-mail à l'adresse website-content@tableau.com.
La vidéo ne fonctionne pas/Mon écran est noir/J'ai reçu un message d'erreur
Il se peut que votre réseau bloque le contenu de Brightcove, qui héberge nos vidéos.","{'beg': 35, 'end': 57}",envoyez-nous un e-mail,UNKNOWN,False
888_49,"Si vous êtes bloqué, envoyez-nous un e-mail à l'adresse marketing-webteam@tableau.com.
","{'beg': 21, 'end': 43}",envoyez-nous un e-mail,UNKNOWN,False
889_2,"Le karma c’est quoi?
J’ai passé de nombreuses années à comprendre ce qu’est le karma et surtout comment le libérer mais avant de vous expliquez tout cela il est nécessaire de faire un point important sur la nature de notre être.
,Avec la pratique du Bardo Thödröl ainsi que le yoga du rêve et du sommeil tibétain de la branche Bön j’ai pu comprendre, puis expérimenter ce qu’est le karma.
","{'beg': 35, 'end': 65}",nombreuses années à comprendre,UNKNOWN,False
889_24,"Ainsi que de laisser émerger par l’observation silencieuse: la vacuité.
La méditation sur la vacuité et la pleine conscience vous aidera beaucoup pour que vous puissiez faire l’expérience de votre véritable nature.
Et tout cela se trouve dans le seul moment réel: le moment présent.
Merci pour votre lecture à bientôt.
Avec le Cœur, Ours Sauvage
Mitakuyé Oyasin
Ps: j’ai traité le Karma sous un angle d’un point de vue « humain »
It's only fair to share...
Facebook
Twitter
Linkedin
Pinterest
email
Print
Digg
Previous Post Next
About The Author
ourssauvage
Leave","{'beg': 505, 'end': 509}",Digg,UNKNOWN,False
891_14,"Clément, quant à lui, après l’institut Paul Bocuse, a fait ses classes dans d’illustres maisons en France et dans le monde dont Le Connaught à Londres et le Kilimandjaro à Courchevel.","{'beg': 131, 'end': 169}",Connaught à Londres et le Kilimandjaro,UNKNOWN,False
891_21,"Une adresse gourmande incoutournable!
En savoir plus
Boccafine sur Instagram: @boccafine @chef_collet
Site : www.boccafine.fr
S’y rendre: Restaurant Boccafine, 20217 Nonza
Réservation (recommandée) au 06.80.95.85.07
Evenementiel: boccafine@gmail.com
Le restaurant est ouvert depuis le 1er Juillet et jusqu’à mi-octobre, midi et soir tous les jours de la semaine.
Partager :
Cliquez pour partager sur Twitter(ouvre dans une nouvelle fenêtre)
Cliquez pour partager sur Facebook(ouvre dans une nouvelle fenêtre)
boccafine
boccafine nonza
nonza
restaurant corse
Tweet
←","{'beg': 78, 'end': 101}",@boccafine @chef_collet,UNKNOWN,False
891_21,"Une adresse gourmande incoutournable!
En savoir plus
Boccafine sur Instagram: @boccafine @chef_collet
Site : www.boccafine.fr
S’y rendre: Restaurant Boccafine, 20217 Nonza
Réservation (recommandée) au 06.80.95.85.07
Evenementiel: boccafine@gmail.com
Le restaurant est ouvert depuis le 1er Juillet et jusqu’à mi-octobre, midi et soir tous les jours de la semaine.
Partager :
Cliquez pour partager sur Twitter(ouvre dans une nouvelle fenêtre)
Cliquez pour partager sur Facebook(ouvre dans une nouvelle fenêtre)
boccafine
boccafine nonza
nonza
restaurant corse
Tweet
←","{'beg': 300, 'end': 318}",jusqu’à mi-octobre,UNKNOWN,False
891_21,"Une adresse gourmande incoutournable!
En savoir plus
Boccafine sur Instagram: @boccafine @chef_collet
Site : www.boccafine.fr
S’y rendre: Restaurant Boccafine, 20217 Nonza
Réservation (recommandée) au 06.80.95.85.07
Evenementiel: boccafine@gmail.com
Le restaurant est ouvert depuis le 1er Juillet et jusqu’à mi-octobre, midi et soir tous les jours de la semaine.
Partager :
Cliquez pour partager sur Twitter(ouvre dans une nouvelle fenêtre)
Cliquez pour partager sur Facebook(ouvre dans une nouvelle fenêtre)
boccafine
boccafine nonza
nonza
restaurant corse
Tweet
←","{'beg': 509, 'end': 534}","boccafine
boccafine nonza",UNKNOWN,False
893_13,"Quand la complexité augmente, les mêmes contraintes aboutissent-elles aux mêmes formes ?
Descartes notre contemporain ?	
Détails	
Écrit par : Patrick Juignet	
Publication : 11 janvier 2016	
Affichages : 2042
","{'beg': 119, 'end': 121}","	
",UNKNOWN,False
893_29,"On peut interpréter cette image de manière subjective, au sens où l’imagination laissée à elle-même engendre des pensées morbides, mais aussi politique, lorsque la déraison engendre des formes sociales montrueuses.
♦ ♦ ♦ ♦ ♦ ♦ ♦ ♦
Page 42 sur 43	
34	
35	
36	
37	
38	
39	
40	
41	
42
43	
Main Menu
Accueil","{'beg': 202, 'end': 230}","montrueuses.
♦ ♦ ♦ ♦ ♦ ♦ ♦ ♦",UNKNOWN,False
893_38,"Responsable de publication
La librairie
Liens
Soutenir le site
","{'beg': 40, 'end': 54}","Liens
Soutenir",UNKNOWN,False
896_15,"Grâce à la vitesse du chargeur et au capteur de niveau de cavité réglés automatiquement, l''alimentation continue du starter garantit un fonctionnement efficace.
","{'beg': 89, 'end': 104}",l''alimentation,UNKNOWN,False
896_30,Spécifications techniques du concasseur à mâchoires PE-400×600 350 kg.,"{'beg': 67, 'end': 69}",kg,UNKNOWN,False
896_45,"Bien que connu pour sa capacité à concasser des minerais et roches dures et abrasives, le concasseur à cône est mieux adapté au concassage secondaire.
","{'beg': 57, 'end': 85}",et roches dures et abrasives,UNKNOWN,False
896_59,"Le concasseur à mâchoire s''applique au concassage primaire, ainsi que le concassage fine.","{'beg': 25, 'end': 36}",s''applique,UNKNOWN,False
896_100,"Les concasseurs à mâchoires sont des concasseurs primaires, un équipement destiné au concassage de roches et d''autres matériaux durs et abrasifs, tels que le granit, les minerais ou le béton recyclé, généralement à usage industriel.","{'beg': 109, 'end': 128}",d''autres matériaux,UNKNOWN,False
898_69,"Aussi, il est accessible depuis votre navigateur, puisqu’il a été conçu avec la technologie HTML5.","{'beg': 50, 'end': 57}",puisqu’,UNKNOWN,False
898_89,"Vous êtes prêt à jouer Fat Drac avec de l'argent réel ?
Voici notre meilleure sélection des casinos en ligne où vous pouvez jouer Fat Drac avec de l'argent réel pour gagner un maximum d’argent !
Bonus
+100%
jusqu'à 500€
Wager
X35
Free spins
+50
Mise max.
5€
Dépôt min.
20€
Lire notre avis
","{'beg': 218, 'end': 219}",€,UNKNOWN,False
898_91,"Lire notre avis
Activer mon bonus
Bonus
+100%
jusqu'à 300€
Wager
Non disp.
","{'beg': 57, 'end': 58}",€,UNKNOWN,False
898_99,"Free spins
+170
Mise max.
4€
Dépôt min.
20€
Lire notre avis
Activer mon bonus
Lire notre avis
Activer mon bonus
Bonus
+100%
jusqu'à 500€
Wager
X35
Free spins
+50
","{'beg': 135, 'end': 136}",€,UNKNOWN,False
898_108,"Nos nouveaux bonus, articles de blog et encore pleins d’autres choses ?","{'beg': 32, 'end': 69}",blog et encore pleins d’autres choses,UNKNOWN,False
899_37,"Tous les jours, un Français produit en moyenne 150 litres d'eauxusées, appelées eaux résiduaires","{'beg': 9, 'end': 27}","jours, un Français",UNKNOWN,False
899_37,"Tous les jours, un Français produit en moyenne 150 litres d'eauxusées, appelées eaux résiduaires","{'beg': 60, 'end': 69}",eauxusées,UNKNOWN,False
899_42,"En principe, le mode de pose de ce type de toilette sèche utilisée, les conditions de ventilation ou d'évacuation des eauxusées domestiques ne doit pas être inférieur aux dimensions prévues par la profondeur hors gel propre au site de la suie, plus communément appelé boﬂte à suie.","{'beg': 118, 'end': 127}",eauxusées,UNKNOWN,False
899_55,"L'eau de pluie, dans le sépara-teur, la fosse n'a pas été d'application obligatoire, a été plus problématique.
","{'beg': 24, 'end': 35}",sépara-teur,UNKNOWN,False
899_102,"Le choix entre les méthodes de calcul pratique, celles de pente de la production de chaleur sont des services publics d'assainissement non collectif.","{'beg': 48, 'end': 63}",celles de pente,UNKNOWN,False
900_1,"Cet événement s’inscrit dans le cadre du projet européen atHOME qui vise à améliorer le maintien des personnes âgées et dépendantes à domicile.
Parmi les sujets traités, l’enjeu de la formation, de l'interaction et de la coopération entre les différents acteurs du domicile, le tout au profit du bien-être des personnes âgées.
","{'beg': 101, 'end': 116}",personnes âgées,UNKNOWN,False
900_3,Ces outils ont été créés en interaction permanente entre professionnel.le.s du terrain et universitaires à l’intention des intervenant.e.s à domicile non paramédicaux.,"{'beg': 123, 'end': 138}",intervenant.e.s,UNKNOWN,True
900_4,"Visant à sécuriser les soins de premier niveau et à renforcer l’attractivité de ce métier -considéré comme peu valorisant bien qu’essentiel dans le système des soins primaires à domicile-, ceux-ci permettent ainsi à des demandeurs d’emploi ou aides à domicile en poste de s’assurer un socle de compétences de base.
Pour découvrir ces outils, suivre les échanges entre expert.e.s d'aide à domicile, représentant.e.s institutionnel.les, chercheur.euse.s et acteur.rice.s de terrain, prenez part au débat le 22 octobre et participez au networking lunch offert !
En pratique
Mardi 22 octobre 2019, de 9h00 à 16h00
Accueil et café à partir de 8h30
Inscription en ligne gratuite mais obligatoire
Conférence bilingue en français et anglais avec traduction simultanée
","{'beg': 368, 'end': 378}",expert.e.s,UNKNOWN,True
900_4,"Visant à sécuriser les soins de premier niveau et à renforcer l’attractivité de ce métier -considéré comme peu valorisant bien qu’essentiel dans le système des soins primaires à domicile-, ceux-ci permettent ainsi à des demandeurs d’emploi ou aides à domicile en poste de s’assurer un socle de compétences de base.
Pour découvrir ces outils, suivre les échanges entre expert.e.s d'aide à domicile, représentant.e.s institutionnel.les, chercheur.euse.s et acteur.rice.s de terrain, prenez part au débat le 22 octobre et participez au networking lunch offert !
En pratique
Mardi 22 octobre 2019, de 9h00 à 16h00
Accueil et café à partir de 8h30
Inscription en ligne gratuite mais obligatoire
Conférence bilingue en français et anglais avec traduction simultanée
","{'beg': 398, 'end': 468}","représentant.e.s institutionnel.les, chercheur.euse.s et acteur.rice.s",UNKNOWN,True
902_48,Nous mettons à votre disposition les meilleures solutions en termes de climatisation réversible et vous assurons les prestations impeccables.,"{'beg': 37, 'end': 67}",meilleures solutions en termes,UNKNOWN,False
902_149,"- jdlgroupe.com
NICE : Un climatiseur écologique développé par des Français rend la clim' accessible à tous","{'beg': 2, 'end': 15}",jdlgroupe.com,UNKNOWN,False
902_180,", Installations : https://plombierherault.fr/climatisation/
☀","{'beg': 2, 'end': 59}",Installations : https://plombierherault.fr/climatisation/,UNKNOWN,False
902_216,"Une climatisation moins bruyante et plus économe
#Dometic #Climatisation
https://www.boatindustry.fr/article/38496/dometic-voyager-series-tx-une-climatisation-innovante-destinee-aux-petits-bateaux#utm_source=twitter&utm_medium=reseaux-sociaux&utm_campaign=partage-auto
","{'beg': 73, 'end': 100}",https://www.boatindustry.fr,UNKNOWN,False
902_216,"Une climatisation moins bruyante et plus économe
#Dometic #Climatisation
https://www.boatindustry.fr/article/38496/dometic-voyager-series-tx-une-climatisation-innovante-destinee-aux-petits-bateaux#utm_source=twitter&utm_medium=reseaux-sociaux&utm_campaign=partage-auto
","{'beg': 115, 'end': 268}",dometic-voyager-series-tx-une-climatisation-innovante-destinee-aux-petits-bateaux#utm_source=twitter&utm_medium=reseaux-sociaux&utm_campaign=partage-auto,UNKNOWN,False
902_218,"Une climatisation moins bruyante et plus économe
#Dometic #Climatisation
https://www.boatindustry.fr/article/38496/dometic-voyager-series-tx-une-climatisation-innovante-destinee-aux-petits-bateaux#utm_source=twitter&utm_medium=reseaux-sociaux&utm_campaign=partage-auto
","{'beg': 73, 'end': 100}",https://www.boatindustry.fr,UNKNOWN,False
902_218,"Une climatisation moins bruyante et plus économe
#Dometic #Climatisation
https://www.boatindustry.fr/article/38496/dometic-voyager-series-tx-une-climatisation-innovante-destinee-aux-petits-bateaux#utm_source=twitter&utm_medium=reseaux-sociaux&utm_campaign=partage-auto
","{'beg': 115, 'end': 268}",dometic-voyager-series-tx-une-climatisation-innovante-destinee-aux-petits-bateaux#utm_source=twitter&utm_medium=reseaux-sociaux&utm_campaign=partage-auto,UNKNOWN,False
902_220,"Une climatisation moins bruyante et plus économe
#Dometic #Climatisation
https://www.boatindustry.fr/article/38496/dometic-voyager-series-tx-une-climatisation-innovante-destinee-aux-petits-bateaux#utm_source=twitter&utm_medium=reseaux-sociaux&utm_campaign=partage-auto
","{'beg': 73, 'end': 100}",https://www.boatindustry.fr,UNKNOWN,False
902_220,"Une climatisation moins bruyante et plus économe
#Dometic #Climatisation
https://www.boatindustry.fr/article/38496/dometic-voyager-series-tx-une-climatisation-innovante-destinee-aux-petits-bateaux#utm_source=twitter&utm_medium=reseaux-sociaux&utm_campaign=partage-auto
","{'beg': 115, 'end': 268}",dometic-voyager-series-tx-une-climatisation-innovante-destinee-aux-petits-bateaux#utm_source=twitter&utm_medium=reseaux-sociaux&utm_campaign=partage-auto,UNKNOWN,False
902_234,", Installations : https://plombierherault.fr/climatisation/
☀","{'beg': 2, 'end': 59}",Installations : https://plombierherault.fr/climatisation/,UNKNOWN,False
903_3,| Produits de nutrition sportive,"{'beg': 0, 'end': 10}",| Produits,UNKNOWN,False
903_16,", cette barre contient 10 grammes de protéines végétales et des sucres 100% naturels, qui vous apportent toutes les ressources énergétiques nécessaires pour aller plus vite et plus loin.
INGRÉDIENTS
Chocolat/Banane: Jus de poire concentré, banane, protéine de riz, beurre de graine de tournesol, poudre de protéine de citrouille grillée, eau, pâte de datte, chocolat non sucré, noix de coco séchée, datte, lentille rouge, arôme naturel, huile de tournesol, extrait de romarin.
Mangue/Citron:","{'beg': 74, 'end': 75}",%,UNKNOWN,False
903_18,"Kronobar est la seule entreprise canadienne d’alimentation sportive à offrir des barres nutritives 100% naturelles, véganes, sans gluten, sans sucre ajouté et sans les 12 principaux allergènes reconnus.","{'beg': 102, 'end': 114}",% naturelles,UNKNOWN,False
907_0,Tous les contenus présents sur le blog http://randonnezvousdansceblog.blogspot.com/ sont couverts par le droit d’auteur.,"{'beg': 34, 'end': 83}",blog http://randonnezvousdansceblog.blogspot.com/,UNKNOWN,False
908_0,Parfois nous pouvons avoir recours à une procédure lorsqu’un retard dans un transport en commun est constaté.,"{'beg': 41, 'end': 58}",procédure lorsqu’,UNKNOWN,False
912_5,avec cebette | ما معنى شلوة echalotes,"{'beg': 5, 'end': 37}",cebette | ما معنى شلوة echalotes,UNKNOWN,False
912_31,"... pour la Salade de PdT: - 300g de PdT, - 1 Carotte moyenne, - 1 Oignon nouveau moyen, - QS Huile d'Olive, - 2 gousses d'Ail, - 2 branches de Thym, - 1 CàS de Moutarde à l'Ancienne, - 150g de Cornichons et leur jus, - 20g de Crème liquide, - 1g de Xantane.","{'beg': 189, 'end': 204}",g de Cornichons,UNKNOWN,False
912_44,"... Dresser, ici en brochette, avec de la salade et le siphon de cornichon ...
Source: paladar-lepet.blogspot.com
Tatin sans pâte
Recette extraite du magazine","{'beg': 87, 'end': 113}",paladar-lepet.blogspot.com,UNKNOWN,False
912_120,"ention spéciale à la peau de poulet tendue , ou encore à la fregola sarda cuisinée aux coquillages ;","{'beg': 0, 'end': 6}",ention,UNKNOWN,False
912_255,"- La petite boutique de produits locaux, comme les pépites de betteraves du Comptoir des pâtes, de l'huile de noisettes et des lentilles blondes de la Brie de la Ferme de Férolles (77), du miel Béton produit dans le 93...","{'beg': 62, 'end': 84}",betteraves du Comptoir,UNKNOWN,False
912_295,"Tarte au chocolat
Tarte aux pommes
Poulet teriyaki
Punch
salade mimosa ricardo
salade couscous ricardo
choucroute","{'beg': 95, 'end': 102}",ricardo,UNKNOWN,False
912_297,"recette de petit pain pilsbury
smoothie fruit des bois simple
pate a crepe bretonne au blender
couscous maghrébin ricardo
Utile
Recettes pour votre site ou blog
Recettes24","{'beg': 87, 'end': 94}",blender,UNKNOWN,False
913_7,"Mais il est politiquement suicidaire de la part d’un appareil d’Etat qui n’a pas su protéger les centaines de jeunes filles victimes de viols et de prostitution forcée.
","{'beg': 97, 'end': 141}",centaines de jeunes filles victimes de viols,UNKNOWN,False
913_47,"Le juge avait été clair dans son arrêt, le prévenant que « S’il commettait un autre délit (…) sa sentence de trois mois de prison serait appliquée en toute priorité ».","{'beg': 91, 'end': 92}",…,UNKNOWN,False
913_69,"Il l'a exhortée…
Le Bangladesh condamne à mort par pendaison 2 chefs islamistes accusés de crimes de guerre,… Deux figures de l'opposition bangladaise qui s'étaient illustrées lors de la guerre d'indépendance contre le Pakistan en 1971 ont été exécutées par pendaison dans l'enceinte…
Audience des deux ados qui avaient tué une jeune fille pour « satisfaire Slender","{'beg': 275, 'end': 293}","enceinte…
Audience",UNKNOWN,False
913_74,"La classe politique du Royaume-Uni semble prendre conscience de la menace que constitue l’antiracisme à sens unique, celui qui accable les « Blancs » mais exempte…
Expatriés : pourquoi les Français quittent-ils la France ?
Depuis 2013","{'beg': 176, 'end': 197}",pourquoi les Français,UNKNOWN,False
913_78,"Quelles sont les raisons de ce tsunami migratoire inversé ?
La limitation de vitesse à 80 km/h sur les routes : un projet nocif pour les Français, la France et son économie
La limitation de vitesse à 80 km/h : une mesure inepte qui risque d'augmenter le nombre de morts sur les routes et non de le diminuer, qui freinera l'activité économique de la France en accord avec les projets mondialistes de décroissance et qui apprend à chaque Français la servitude électronique et l'obéissance.
","{'beg': 137, 'end': 145}",Français,UNKNOWN,False
913_78,"Quelles sont les raisons de ce tsunami migratoire inversé ?
La limitation de vitesse à 80 km/h sur les routes : un projet nocif pour les Français, la France et son économie
La limitation de vitesse à 80 km/h : une mesure inepte qui risque d'augmenter le nombre de morts sur les routes et non de le diminuer, qui freinera l'activité économique de la France en accord avec les projets mondialistes de décroissance et qui apprend à chaque Français la servitude électronique et l'obéissance.
","{'beg': 427, 'end': 444}",à chaque Français,UNKNOWN,False
913_85,"Resurrexit sicut dixit !
Antonio Guterres présente le rapport de l’ONU qui réclame des solutions « globales » contre le coronavirus en vue du « rebirthing » de la société
Gordon Brown, envoyé spécial de l’ONU, prône le gouvernement global face au coronavirus, ennemi invisible de l’humanité
Coronavirus : André Bonnet plaide aujourd’hui devant le Conseil d’Etat pour l’autorisation d’utiliser la chloroquine chez les porteurs du COVID-19
Serge Abad-Gallardo, « Euthanasie, la franc maçonnerie est à la manœuvre »
Sermon de l’abbé Beauvais sur la prophétie de la mort de Notre Seigneur Jésus-Christ
Gilets jaunes : la pédagogie du système contre les Français
GILETS JAUNES : LES BLESSÉS QUI DÉRANGENT
Sermon de l’abbé Beauvais sur la Nativité
Sermon de l’abbé Beauvais sur les ouvriers de la dernière heure
Alex Newman explique les raisons de la migration de masse
","{'beg': 638, 'end': 657}",contre les Français,UNKNOWN,False
913_151,"»
Guillaume Bernard répond à reinformation.tv Guillaume Bernard est politologue, maitre de conférences à l’ICES, l’Institut catholique d’enseignement supérieur de Vendée.","{'beg': 0, 'end': 55}","»
Guillaume Bernard répond à reinformation.tv Guillaume",UNKNOWN,False
913_152,"Il
Gabriel Garcia Moreno, un président catholique exemplaire
Réédition de Gabriel Garcia Moreno, d’Augustin BERTHE chez Clovis
Les catholiques peuvent et doivent agir aussi dans la Cité temporelle, et ce non en tant qu’hommes de bonne volonté, simples citoyens, mais catholiques.","{'beg': 186, 'end': 200}","temporelle, et",UNKNOWN,False
